0 verbose cli D:\nvc_action\nodejs\node.exe D:\nvc_action\nodejs\node_modules\npm\bin\npm-cli.js
1 info using npm@11.6.2
2 info using node@v24.13.0
3 silly config load:file:D:\nvm\v24.13.0\node_modules\npm\npmrc
4 silly config load:file:C:\Users\Ksy\.npmrc
5 silly config load:file:D:\nodejs\node_global\etc\npmrc
6 verbose title npm install @deveco/deveco-code@0.1.12
7 verbose argv "install" "--global" "@deveco/deveco-code@0.1.12"
8 verbose logfile logs-max:10 dir:D:\opencode_W\远程连接\nodejs\node_cache\_logs\2026-09-21T03_19_09_798Z-
9 verbose logfile D:\opencode_W\远程连接\nodejs\node_cache\_logs\2026-09-21T03_19_09_798Z-debug-0.log
10 silly packumentCache heap:4496293888 maxSize:1124073472 maxEntrySize:562036736
11 silly logfile done cleaning log files
12 silly idealTree buildDeps
13 silly fetch manifest @deveco/deveco-code@0.1.12
14 silly packumentCache full:https://registry.npmmirror.com/@deveco%2fdeveco-code cache-miss
15 http fetch GET 200 https://registry.npmmirror.com/@deveco%2fdeveco-code 325ms (cache miss)
16 silly packumentCache full:https://registry.npmmirror.com/@deveco%2fdeveco-code set size:28013 disposed:false
17 silly placeDep ROOT @deveco/deveco-code@0.1.12 OK for:  want: 0.1.12
18 silly fetch manifest @deveco/deveco-cli@1.3.2
19 silly packumentCache full:https://registry.npmmirror.com/@deveco%2fdeveco-cli cache-miss
20 silly fetch manifest @deveco/deveco-code-darwin-x64@0.1.12
21 silly packumentCache full:https://registry.npmmirror.com/@deveco%2fdeveco-code-darwin-x64 cache-miss
22 silly fetch manifest @deveco/deveco-code-darwin-arm64@0.1.12
23 silly packumentCache full:https://registry.npmmirror.com/@deveco%2fdeveco-code-darwin-arm64 cache-miss
24 silly fetch manifest @deveco/deveco-code-windows-x64-baseline@0.1.12
25 silly packumentCache full:https://registry.npmmirror.com/@deveco%2fdeveco-code-windows-x64-baseline cache-miss
26 silly fetch manifest @deveco/deveco-code-windows-x64@0.1.12
27 silly packumentCache full:https://registry.npmmirror.com/@deveco%2fdeveco-code-windows-x64 cache-miss
28 http fetch GET 200 https://registry.npmmirror.com/@deveco%2fdeveco-cli 166ms (cache miss)
29 silly packumentCache full:https://registry.npmmirror.com/@deveco%2fdeveco-cli set size:27660 disposed:false
30 http fetch GET 200 https://registry.npmmirror.com/@deveco%2fdeveco-code-windows-x64 426ms (cache miss)
31 silly packumentCache full:https://registry.npmmirror.com/@deveco%2fdeveco-code-windows-x64 set size:27028 disposed:false
32 http fetch GET 200 https://registry.npmmirror.com/@deveco%2fdeveco-code-windows-x64-baseline 428ms (cache miss)
33 silly packumentCache full:https://registry.npmmirror.com/@deveco%2fdeveco-code-windows-x64-baseline set size:24339 disposed:false
34 http fetch GET 200 https://registry.npmmirror.com/@deveco%2fdeveco-code-darwin-x64 431ms (cache miss)
35 silly packumentCache full:https://registry.npmmirror.com/@deveco%2fdeveco-code-darwin-x64 set size:27343 disposed:false
36 http fetch GET 200 https://registry.npmmirror.com/@deveco%2fdeveco-code-darwin-arm64 433ms (cache miss)
37 silly packumentCache full:https://registry.npmmirror.com/@deveco%2fdeveco-code-darwin-arm64 set size:27770 disposed:false
38 silly placeDep node_modules/@deveco/deveco-code @deveco/deveco-cli@1.3.2 OK for: @deveco/deveco-code@0.1.12 want: 1.3.2
39 silly placeDep node_modules/@deveco/deveco-code @deveco/deveco-code-darwin-arm64@0.1.12 OK for: @deveco/deveco-code@0.1.12 want: 0.1.12
40 silly placeDep node_modules/@deveco/deveco-code @deveco/deveco-code-darwin-x64@0.1.12 OK for: @deveco/deveco-code@0.1.12 want: 0.1.12
41 silly placeDep node_modules/@deveco/deveco-code @deveco/deveco-code-windows-x64@0.1.12 OK for: @deveco/deveco-code@0.1.12 want: 0.1.12
42 silly placeDep node_modules/@deveco/deveco-code @deveco/deveco-code-windows-x64-baseline@0.1.12 OK for: @deveco/deveco-code@0.1.12 want: 0.1.12
43 silly fetch manifest @modelcontextprotocol/sdk@^1.29.0
44 silly packumentCache full:https://registry.npmmirror.com/@modelcontextprotocol%2fsdk cache-miss
45 silly fetch manifest @sqlite.org/sqlite-wasm@^3.49.1-build4
46 silly packumentCache full:https://registry.npmmirror.com/@sqlite.org%2fsqlite-wasm cache-miss
47 silly fetch manifest adm-zip@0.6.0
48 silly packumentCache full:https://registry.npmmirror.com/adm-zip cache-miss
49 silly fetch manifest axios@1.19.0
50 silly packumentCache full:https://registry.npmmirror.com/axios cache-miss
51 silly fetch manifest colorette@^2.0.20
52 silly packumentCache full:https://registry.npmmirror.com/colorette cache-miss
53 silly fetch manifest commander@^13.1.0
54 silly packumentCache full:https://registry.npmmirror.com/commander cache-miss
55 silly fetch manifest execa@^9.6.1
56 silly packumentCache full:https://registry.npmmirror.com/execa cache-miss
57 silly fetch manifest fs-extra@^11.3.4
58 silly packumentCache full:https://registry.npmmirror.com/fs-extra cache-miss
59 silly fetch manifest global-agent@^4.1.3
60 silly packumentCache full:https://registry.npmmirror.com/global-agent cache-miss
61 silly fetch manifest jieba-wasm@^2.4.0
62 silly packumentCache full:https://registry.npmmirror.com/jieba-wasm cache-miss
63 silly fetch manifest json5@^2.2.3
64 silly packumentCache full:https://registry.npmmirror.com/json5 cache-miss
65 silly fetch manifest mdast-util-to-string@^4.0.0
66 silly packumentCache full:https://registry.npmmirror.com/mdast-util-to-string cache-miss
67 silly fetch manifest node-forge@^1.4.0
68 silly packumentCache full:https://registry.npmmirror.com/node-forge cache-miss
69 silly fetch manifest ora@^9.4.0
70 silly packumentCache full:https://registry.npmmirror.com/ora cache-miss
71 silly fetch manifest p-limit@^5.0.0
72 silly packumentCache full:https://registry.npmmirror.com/p-limit cache-miss
73 http fetch GET 200 https://registry.npmmirror.com/adm-zip 162ms (cache miss)
74 silly packumentCache full:https://registry.npmmirror.com/adm-zip set size:16381 disposed:false
75 silly fetch manifest proper-lockfile@^4.1.2
76 silly packumentCache full:https://registry.npmmirror.com/proper-lockfile cache-miss
77 http fetch GET 200 https://registry.npmmirror.com/@modelcontextprotocol%2fsdk 165ms (cache miss)
78 silly packumentCache full:https://registry.npmmirror.com/@modelcontextprotocol%2fsdk set size:44019 disposed:false
79 silly fetch manifest regedit@^5.1.4
80 silly packumentCache full:https://registry.npmmirror.com/regedit cache-miss
81 http fetch GET 200 https://registry.npmmirror.com/colorette 170ms (cache miss)
82 silly packumentCache full:https://registry.npmmirror.com/colorette set size:16349 disposed:false
83 silly fetch manifest remark-gfm@^4.0.1
84 silly packumentCache full:https://registry.npmmirror.com/remark-gfm cache-miss
85 http fetch GET 200 https://registry.npmmirror.com/@sqlite.org%2fsqlite-wasm 256ms (cache miss)
86 silly packumentCache full:https://registry.npmmirror.com/@sqlite.org%2fsqlite-wasm set size:48962 disposed:false
87 silly fetch manifest remark-parse@^11.0.0
88 silly packumentCache full:https://registry.npmmirror.com/remark-parse cache-miss
89 http fetch GET 200 https://registry.npmmirror.com/remark-gfm 162ms (cache miss)
90 silly packumentCache full:https://registry.npmmirror.com/remark-gfm set size:10149 disposed:false
91 silly fetch manifest semver@^7.8.5
92 silly packumentCache full:https://registry.npmmirror.com/semver cache-miss
93 http fetch GET 200 https://registry.npmmirror.com/proper-lockfile 173ms (cache miss)
94 silly packumentCache full:https://registry.npmmirror.com/proper-lockfile set size:13723 disposed:false
95 silly fetch manifest smol-toml@^1.6.1
96 silly packumentCache full:https://registry.npmmirror.com/smol-toml cache-miss
97 http fetch GET 200 https://registry.npmmirror.com/axios 340ms (cache miss)
98 silly packumentCache full:https://registry.npmmirror.com/axios set size:143317 disposed:false
99 silly fetch manifest socket.io-client@^4.7.5
100 silly packumentCache full:https://registry.npmmirror.com/socket.io-client cache-miss
101 http fetch GET 200 https://registry.npmmirror.com/regedit 191ms (cache miss)
102 silly packumentCache full:https://registry.npmmirror.com/regedit set size:15367 disposed:false
103 silly fetch manifest unified@^11.0.5
104 silly packumentCache full:https://registry.npmmirror.com/unified cache-miss
105 http fetch GET 200 https://registry.npmmirror.com/mdast-util-to-string 416ms (cache miss)
106 silly packumentCache full:https://registry.npmmirror.com/mdast-util-to-string set size:12390 disposed:false
107 silly fetch manifest yauzl@^3.2.0
108 silly packumentCache full:https://registry.npmmirror.com/yauzl cache-miss
109 http fetch GET 200 https://registry.npmmirror.com/p-limit 420ms (cache miss)
110 silly packumentCache full:https://registry.npmmirror.com/p-limit set size:12572 disposed:false
111 silly fetch manifest zod@^4.4.3
112 silly packumentCache full:https://registry.npmmirror.com/zod cache-miss
113 http fetch GET 200 https://registry.npmmirror.com/remark-parse 167ms (cache miss)
114 silly packumentCache full:https://registry.npmmirror.com/remark-parse set size:15821 disposed:false
115 http fetch GET 200 https://registry.npmmirror.com/json5 426ms (cache miss)
116 silly packumentCache full:https://registry.npmmirror.com/json5 set size:18850 disposed:false
117 http fetch GET 200 https://registry.npmmirror.com/global-agent 429ms (cache miss)
118 silly packumentCache full:https://registry.npmmirror.com/global-agent set size:23844 disposed:false
119 http fetch GET 200 https://registry.npmmirror.com/ora 430ms (cache miss)
120 silly packumentCache full:https://registry.npmmirror.com/ora set size:27349 disposed:false
121 http fetch GET 200 https://registry.npmmirror.com/execa 435ms (cache miss)
122 silly packumentCache full:https://registry.npmmirror.com/execa set size:33882 disposed:false
123 http fetch GET 200 https://registry.npmmirror.com/jieba-wasm 517ms (cache miss)
124 silly packumentCache full:https://registry.npmmirror.com/jieba-wasm set size:10356 disposed:false
125 http fetch GET 200 https://registry.npmmirror.com/commander 519ms (cache miss)
126 silly packumentCache full:https://registry.npmmirror.com/commander set size:62667 disposed:false
127 http fetch GET 200 https://registry.npmmirror.com/yauzl 105ms (cache miss)
128 silly packumentCache full:https://registry.npmmirror.com/yauzl set size:32191 disposed:false
129 http fetch GET 200 https://registry.npmmirror.com/node-forge 525ms (cache miss)
130 silly packumentCache full:https://registry.npmmirror.com/node-forge set size:60577 disposed:false
131 http fetch GET 200 https://registry.npmmirror.com/semver 196ms (cache miss)
132 silly packumentCache full:https://registry.npmmirror.com/semver set size:47513 disposed:false
133 http fetch GET 200 https://registry.npmmirror.com/smol-toml 197ms (cache miss)
134 silly packumentCache full:https://registry.npmmirror.com/smol-toml set size:21231 disposed:false
135 http fetch GET 200 https://registry.npmmirror.com/unified 237ms (cache miss)
136 silly packumentCache full:https://registry.npmmirror.com/unified set size:41139 disposed:false
137 http fetch GET 200 https://registry.npmmirror.com/fs-extra 598ms (cache miss)
138 silly packumentCache full:https://registry.npmmirror.com/fs-extra set size:39532 disposed:false
139 http fetch GET 200 https://registry.npmmirror.com/socket.io-client 331ms (cache miss)
140 silly packumentCache full:https://registry.npmmirror.com/socket.io-client set size:54852 disposed:false
141 http fetch GET 200 https://registry.npmmirror.com/zod 516ms (cache miss)
142 silly packumentCache full:https://registry.npmmirror.com/zod set size:510215 disposed:false
143 silly fetch manifest @cfworker/json-schema@^4.1.1
144 silly packumentCache full:https://registry.npmmirror.com/@cfworker%2fjson-schema cache-miss
145 http fetch GET 200 https://registry.npmmirror.com/@cfworker%2fjson-schema 155ms (cache miss)
146 silly packumentCache full:https://registry.npmmirror.com/@cfworker%2fjson-schema set size:39379 disposed:false
147 silly placeDep node_modules/@deveco/deveco-code @modelcontextprotocol/sdk@1.30.0 OK for: @deveco/deveco-cli@1.3.2 want: ^1.29.0
148 silly placeDep node_modules/@deveco/deveco-code @sqlite.org/sqlite-wasm@3.49.1-build4 OK for: @deveco/deveco-cli@1.3.2 want: ^3.49.1-build4
149 silly placeDep node_modules/@deveco/deveco-code adm-zip@0.6.0 OK for: @deveco/deveco-cli@1.3.2 want: 0.6.0
150 silly placeDep node_modules/@deveco/deveco-code axios@1.19.0 OK for: @deveco/deveco-cli@1.3.2 want: 1.19.0
151 silly placeDep node_modules/@deveco/deveco-code colorette@2.0.20 OK for: @deveco/deveco-cli@1.3.2 want: ^2.0.20
152 silly placeDep node_modules/@deveco/deveco-code commander@13.1.0 OK for: @deveco/deveco-cli@1.3.2 want: ^13.1.0
153 silly placeDep node_modules/@deveco/deveco-code execa@9.6.1 OK for: @deveco/deveco-cli@1.3.2 want: ^9.6.1
154 silly placeDep node_modules/@deveco/deveco-code fs-extra@11.4.0 OK for: @deveco/deveco-cli@1.3.2 want: ^11.3.4
155 silly placeDep node_modules/@deveco/deveco-code global-agent@4.1.3 OK for: @deveco/deveco-cli@1.3.2 want: ^4.1.3
156 silly placeDep node_modules/@deveco/deveco-code jieba-wasm@2.4.0 OK for: @deveco/deveco-cli@1.3.2 want: ^2.4.0
157 silly placeDep node_modules/@deveco/deveco-code json5@2.2.3 OK for: @deveco/deveco-cli@1.3.2 want: ^2.2.3
158 silly placeDep node_modules/@deveco/deveco-code mdast-util-to-string@4.0.0 OK for: @deveco/deveco-cli@1.3.2 want: ^4.0.0
159 silly placeDep node_modules/@deveco/deveco-code node-forge@1.4.0 OK for: @deveco/deveco-cli@1.3.2 want: ^1.4.0
160 silly placeDep node_modules/@deveco/deveco-code ora@9.4.1 OK for: @deveco/deveco-cli@1.3.2 want: ^9.4.0
161 silly placeDep node_modules/@deveco/deveco-code p-limit@5.0.0 OK for: @deveco/deveco-cli@1.3.2 want: ^5.0.0
162 silly placeDep node_modules/@deveco/deveco-code proper-lockfile@4.1.2 OK for: @deveco/deveco-cli@1.3.2 want: ^4.1.2
163 silly placeDep node_modules/@deveco/deveco-code regedit@5.1.4 OK for: @deveco/deveco-cli@1.3.2 want: ^5.1.4
164 silly placeDep node_modules/@deveco/deveco-code remark-gfm@4.0.1 OK for: @deveco/deveco-cli@1.3.2 want: ^4.0.1
165 silly placeDep node_modules/@deveco/deveco-code remark-parse@11.0.0 OK for: @deveco/deveco-cli@1.3.2 want: ^11.0.0
166 silly placeDep node_modules/@deveco/deveco-code semver@7.8.5 OK for: @deveco/deveco-cli@1.3.2 want: ^7.8.5
167 silly placeDep node_modules/@deveco/deveco-code smol-toml@1.8.0 OK for: @deveco/deveco-cli@1.3.2 want: ^1.6.1
168 silly placeDep node_modules/@deveco/deveco-code socket.io-client@4.8.3 OK for: @deveco/deveco-cli@1.3.2 want: ^4.7.5
169 silly placeDep node_modules/@deveco/deveco-code unified@11.0.5 OK for: @deveco/deveco-cli@1.3.2 want: ^11.0.5
170 silly placeDep node_modules/@deveco/deveco-code yauzl@3.4.0 OK for: @deveco/deveco-cli@1.3.2 want: ^3.2.0
171 silly placeDep node_modules/@deveco/deveco-code zod@4.6.5 OK for: @deveco/deveco-cli@1.3.2 want: ^4.4.3
172 silly fetch manifest ajv@^8.17.1
173 silly packumentCache full:https://registry.npmmirror.com/ajv cache-miss
174 silly fetch manifest zod@^3.25 || ^4.0
175 silly packumentCache full:https://registry.npmmirror.com/zod cache-hit
176 silly fetch manifest cors@^2.8.5
177 silly packumentCache full:https://registry.npmmirror.com/cors cache-miss
178 silly fetch manifest hono@^4.11.4
179 silly packumentCache full:https://registry.npmmirror.com/hono cache-miss
180 silly fetch manifest jose@^6.1.3
181 silly packumentCache full:https://registry.npmmirror.com/jose cache-miss
182 silly fetch manifest express@^5.2.1
183 silly packumentCache full:https://registry.npmmirror.com/express cache-miss
184 silly fetch manifest raw-body@^3.0.0
185 silly packumentCache full:https://registry.npmmirror.com/raw-body cache-miss
186 silly fetch manifest ajv-formats@^3.0.1
187 silly packumentCache full:https://registry.npmmirror.com/ajv-formats cache-miss
188 silly fetch manifest cross-spawn@^7.0.5
189 silly packumentCache full:https://registry.npmmirror.com/cross-spawn cache-miss
190 silly fetch manifest eventsource@^3.0.2
191 silly packumentCache full:https://registry.npmmirror.com/eventsource cache-miss
192 silly fetch manifest content-type@^1.0.5
193 silly packumentCache full:https://registry.npmmirror.com/content-type cache-miss
194 silly fetch manifest pkce-challenge@^5.0.0
195 silly packumentCache full:https://registry.npmmirror.com/pkce-challenge cache-miss
196 silly fetch manifest @hono/node-server@^1.19.9 || ^2.0.5
197 silly packumentCache full:https://registry.npmmirror.com/@hono%2fnode-server cache-miss
198 silly fetch manifest json-schema-typed@^8.0.2
199 silly packumentCache full:https://registry.npmmirror.com/json-schema-typed cache-miss
200 silly fetch manifest eventsource-parser@^3.0.0
201 silly packumentCache full:https://registry.npmmirror.com/eventsource-parser cache-miss
202 silly fetch manifest express-rate-limit@^8.2.1
203 silly packumentCache full:https://registry.npmmirror.com/express-rate-limit cache-miss
204 http fetch GET 200 https://registry.npmmirror.com/cross-spawn 159ms (cache miss)
205 silly packumentCache full:https://registry.npmmirror.com/cross-spawn set size:19398 disposed:false
206 silly fetch manifest zod-to-json-schema@^3.25.1
207 silly packumentCache full:https://registry.npmmirror.com/zod-to-json-schema cache-miss
208 http fetch GET 200 https://registry.npmmirror.com/eventsource-parser 160ms (cache miss)
209 silly packumentCache full:https://registry.npmmirror.com/eventsource-parser set size:21586 disposed:false
210 silly fetch manifest form-data@^4.0.6
211 silly packumentCache full:https://registry.npmmirror.com/form-data cache-miss
212 http fetch GET 200 https://registry.npmmirror.com/ajv-formats 166ms (cache miss)
213 silly packumentCache full:https://registry.npmmirror.com/ajv-formats set size:15007 disposed:false
214 silly fetch manifest proxy-from-env@^2.1.0
215 silly packumentCache full:https://registry.npmmirror.com/proxy-from-env cache-miss
216 http fetch GET 200 https://registry.npmmirror.com/json-schema-typed 177ms (cache miss)
217 silly packumentCache full:https://registry.npmmirror.com/json-schema-typed set size:7123 disposed:false
218 silly fetch manifest follow-redirects@^1.16.0
219 silly packumentCache full:https://registry.npmmirror.com/follow-redirects cache-miss
220 http fetch GET 200 https://registry.npmmirror.com/content-type 240ms (cache miss)
221 silly packumentCache full:https://registry.npmmirror.com/content-type set size:8184 disposed:false
222 silly fetch manifest https-proxy-agent@^5.0.1
223 silly packumentCache full:https://registry.npmmirror.com/https-proxy-agent cache-miss
224 http fetch GET 200 https://registry.npmmirror.com/raw-body 266ms (cache miss)
225 silly packumentCache full:https://registry.npmmirror.com/raw-body set size:24662 disposed:false
226 silly fetch manifest @sindresorhus/merge-streams@^4.0.0
227 silly packumentCache full:https://registry.npmmirror.com/@sindresorhus%2fmerge-streams cache-miss
228 http fetch GET 200 https://registry.npmmirror.com/@hono%2fnode-server 269ms (cache miss)
229 silly packumentCache full:https://registry.npmmirror.com/@hono%2fnode-server set size:51384 disposed:false
230 silly fetch manifest cross-spawn@^7.0.6
231 silly packumentCache full:https://registry.npmmirror.com/cross-spawn cache-hit
232 silly fetch manifest figures@^6.1.0
233 silly packumentCache full:https://registry.npmmirror.com/figures cache-miss
234 http fetch GET 200 https://registry.npmmirror.com/cors 276ms (cache miss)
235 silly packumentCache full:https://registry.npmmirror.com/cors set size:14493 disposed:false
236 silly fetch manifest get-stream@^9.0.0
237 silly packumentCache full:https://registry.npmmirror.com/get-stream cache-miss
238 http fetch GET 200 https://registry.npmmirror.com/pkce-challenge 275ms (cache miss)
239 silly packumentCache full:https://registry.npmmirror.com/pkce-challenge set size:8563 disposed:false
240 silly fetch manifest human-signals@^8.0.1
241 silly packumentCache full:https://registry.npmmirror.com/human-signals cache-miss
242 http fetch GET 200 https://registry.npmmirror.com/eventsource 279ms (cache miss)
243 silly packumentCache full:https://registry.npmmirror.com/eventsource set size:28485 disposed:false
244 silly fetch manifest is-plain-obj@^4.1.0
245 silly packumentCache full:https://registry.npmmirror.com/is-plain-obj cache-miss
246 http fetch GET 200 https://registry.npmmirror.com/express-rate-limit 317ms (cache miss)
247 silly packumentCache full:https://registry.npmmirror.com/express-rate-limit set size:66326 disposed:false
248 silly fetch manifest is-stream@^4.0.1
249 silly packumentCache full:https://registry.npmmirror.com/is-stream cache-miss
250 http fetch GET 200 https://registry.npmmirror.com/form-data 282ms (cache miss)
251 silly packumentCache full:https://registry.npmmirror.com/form-data set size:27205 disposed:false
252 silly fetch manifest npm-run-path@^6.0.0
253 silly packumentCache full:https://registry.npmmirror.com/npm-run-path cache-miss
254 http fetch GET 200 https://registry.npmmirror.com/proxy-from-env 281ms (cache miss)
255 silly packumentCache full:https://registry.npmmirror.com/proxy-from-env set size:6518 disposed:false
256 silly fetch manifest pretty-ms@^9.2.0
257 silly packumentCache full:https://registry.npmmirror.com/pretty-ms cache-miss
258 http fetch GET 200 https://registry.npmmirror.com/follow-redirects 273ms (cache miss)
259 silly packumentCache full:https://registry.npmmirror.com/follow-redirects set size:30122 disposed:false
260 silly fetch manifest signal-exit@^4.1.0
261 silly packumentCache full:https://registry.npmmirror.com/signal-exit cache-miss
262 http fetch GET 200 https://registry.npmmirror.com/zod-to-json-schema 309ms (cache miss)
263 silly packumentCache full:https://registry.npmmirror.com/zod-to-json-schema set size:69383 disposed:false
264 silly fetch manifest strip-final-newline@^4.0.0
265 silly packumentCache full:https://registry.npmmirror.com/strip-final-newline cache-miss
266 http fetch GET 200 https://registry.npmmirror.com/is-plain-obj 208ms (cache miss)
267 silly packumentCache full:https://registry.npmmirror.com/is-plain-obj set size:4299 disposed:false
268 silly fetch manifest yoctocolors@^2.1.1
269 silly packumentCache full:https://registry.npmmirror.com/yoctocolors cache-miss
270 http fetch GET 200 https://registry.npmmirror.com/is-stream 168ms (cache miss)
271 silly packumentCache full:https://registry.npmmirror.com/is-stream set size:4048 disposed:false
272 silly fetch manifest graceful-fs@^4.2.0
273 silly packumentCache full:https://registry.npmmirror.com/graceful-fs cache-miss
274 http fetch GET 200 https://registry.npmmirror.com/@sindresorhus%2fmerge-streams 230ms (cache miss)
275 silly packumentCache full:https://registry.npmmirror.com/@sindresorhus%2fmerge-streams set size:5294 disposed:false
276 silly fetch manifest jsonfile@^6.0.1
277 silly packumentCache full:https://registry.npmmirror.com/jsonfile cache-miss
278 http fetch GET 200 https://registry.npmmirror.com/human-signals 224ms (cache miss)
279 silly packumentCache full:https://registry.npmmirror.com/human-signals set size:12531 disposed:false
280 silly fetch manifest universalify@^2.0.0
281 silly packumentCache full:https://registry.npmmirror.com/universalify cache-miss
282 http fetch GET 200 https://registry.npmmirror.com/get-stream 228ms (cache miss)
283 silly packumentCache full:https://registry.npmmirror.com/get-stream set size:11935 disposed:false
284 silly fetch manifest globalthis@^1.0.2
285 silly packumentCache full:https://registry.npmmirror.com/globalthis cache-miss
286 http fetch GET 200 https://registry.npmmirror.com/https-proxy-agent 263ms (cache miss)
287 silly packumentCache full:https://registry.npmmirror.com/https-proxy-agent set size:16374 disposed:false
288 silly fetch manifest matcher@^4.0.0
289 silly packumentCache full:https://registry.npmmirror.com/matcher cache-miss
290 http fetch GET 200 https://registry.npmmirror.com/figures 236ms (cache miss)
291 silly packumentCache full:https://registry.npmmirror.com/figures set size:13793 disposed:false
292 silly fetch manifest semver@^7.3.5
293 silly packumentCache full:https://registry.npmmirror.com/semver cache-hit
294 silly fetch manifest serialize-error@^8.1.0
295 silly packumentCache full:https://registry.npmmirror.com/serialize-error cache-miss
296 http fetch GET 200 https://registry.npmmirror.com/express 514ms (cache miss)
297 silly packumentCache full:https://registry.npmmirror.com/express set size:95389 disposed:false
298 silly fetch manifest @types/mdast@^4.0.0
299 silly packumentCache full:https://registry.npmmirror.com/@types%2fmdast cache-miss
300 http fetch GET 200 https://registry.npmmirror.com/ajv 535ms (cache miss)
301 silly packumentCache full:https://registry.npmmirror.com/ajv set size:129790 disposed:false
302 silly fetch manifest chalk@^5.6.2
303 silly packumentCache full:https://registry.npmmirror.com/chalk cache-miss
304 http fetch GET 200 https://registry.npmmirror.com/npm-run-path 98ms (cache miss)
305 silly packumentCache full:https://registry.npmmirror.com/npm-run-path set size:7005 disposed:false
306 silly fetch manifest cli-cursor@^5.0.0
307 silly packumentCache full:https://registry.npmmirror.com/cli-cursor cache-miss
308 http fetch GET 200 https://registry.npmmirror.com/strip-final-newline 78ms (cache miss)
309 silly packumentCache full:https://registry.npmmirror.com/strip-final-newline set size:2568 disposed:false
310 silly fetch manifest cli-spinners@^3.2.0
311 silly packumentCache full:https://registry.npmmirror.com/cli-spinners cache-miss
312 http fetch GET 200 https://registry.npmmirror.com/signal-exit 98ms (cache miss)
313 silly packumentCache full:https://registry.npmmirror.com/signal-exit set size:12845 disposed:false
314 silly fetch manifest is-interactive@^2.0.0
315 silly packumentCache full:https://registry.npmmirror.com/is-interactive cache-miss
316 http fetch GET 200 https://registry.npmmirror.com/pretty-ms 107ms (cache miss)
317 silly packumentCache full:https://registry.npmmirror.com/pretty-ms set size:12918 disposed:false
318 silly fetch manifest is-unicode-supported@^2.1.0
319 silly packumentCache full:https://registry.npmmirror.com/is-unicode-supported cache-miss
320 http fetch GET 200 https://registry.npmmirror.com/jose 565ms (cache miss)
321 silly packumentCache full:https://registry.npmmirror.com/jose set size:190063 disposed:false
322 silly fetch manifest log-symbols@^7.0.1
323 silly packumentCache full:https://registry.npmmirror.com/log-symbols cache-miss
324 http fetch GET 200 https://registry.npmmirror.com/universalify 94ms (cache miss)
325 silly packumentCache full:https://registry.npmmirror.com/universalify set size:3885 disposed:false
326 silly fetch manifest stdin-discarder@^0.3.2
327 silly packumentCache full:https://registry.npmmirror.com/stdin-discarder cache-miss
328 http fetch GET 200 https://registry.npmmirror.com/globalthis 97ms (cache miss)
329 silly packumentCache full:https://registry.npmmirror.com/globalthis set size:5549 disposed:false
330 silly fetch manifest string-width@^8.1.0
331 silly packumentCache full:https://registry.npmmirror.com/string-width cache-miss
332 http fetch GET 200 https://registry.npmmirror.com/jsonfile 104ms (cache miss)
333 silly packumentCache full:https://registry.npmmirror.com/jsonfile set size:9901 disposed:false
334 silly fetch manifest yocto-queue@^1.0.0
335 silly packumentCache full:https://registry.npmmirror.com/yocto-queue cache-miss
336 http fetch GET 200 https://registry.npmmirror.com/graceful-fs 114ms (cache miss)
337 silly packumentCache full:https://registry.npmmirror.com/graceful-fs set size:23015 disposed:false
338 silly fetch manifest graceful-fs@^4.2.4
339 silly packumentCache full:https://registry.npmmirror.com/graceful-fs cache-hit
340 silly fetch manifest retry@^0.12.0
341 silly packumentCache full:https://registry.npmmirror.com/retry cache-miss
342 http fetch GET 200 https://registry.npmmirror.com/yoctocolors 119ms (cache miss)
343 silly packumentCache full:https://registry.npmmirror.com/yoctocolors set size:7658 disposed:false
344 silly fetch manifest signal-exit@^3.0.2
345 silly packumentCache full:https://registry.npmmirror.com/signal-exit cache-hit
346 silly fetch manifest debug@^4.1.0
347 silly packumentCache full:https://registry.npmmirror.com/debug cache-miss
348 http fetch GET 200 https://registry.npmmirror.com/matcher 112ms (cache miss)
349 silly packumentCache full:https://registry.npmmirror.com/matcher set size:6149 disposed:false
350 silly fetch manifest if-async@^3.7.4
351 silly packumentCache full:https://registry.npmmirror.com/if-async cache-miss
352 http fetch GET 200 https://registry.npmmirror.com/serialize-error 116ms (cache miss)
353 silly packumentCache full:https://registry.npmmirror.com/serialize-error set size:14350 disposed:false
354 silly fetch manifest stream-slicer@0.0.6
355 silly packumentCache full:https://registry.npmmirror.com/stream-slicer cache-miss
356 http fetch GET 200 https://registry.npmmirror.com/@types%2fmdast 121ms (cache miss)
357 silly packumentCache full:https://registry.npmmirror.com/@types%2fmdast set size:8620 disposed:false
358 silly fetch manifest through2@^0.6.3
359 silly packumentCache full:https://registry.npmmirror.com/through2 cache-miss
360 http fetch GET 200 https://registry.npmmirror.com/is-unicode-supported 91ms (cache miss)
361 silly packumentCache full:https://registry.npmmirror.com/is-unicode-supported set size:4953 disposed:false
362 silly fetch manifest mdast-util-gfm@^3.0.0
363 silly packumentCache full:https://registry.npmmirror.com/mdast-util-gfm cache-miss
364 http fetch GET 200 https://registry.npmmirror.com/cli-cursor 102ms (cache miss)
365 silly packumentCache full:https://registry.npmmirror.com/cli-cursor set size:3946 disposed:false
366 silly fetch manifest micromark-extension-gfm@^3.0.0
367 silly packumentCache full:https://registry.npmmirror.com/micromark-extension-gfm cache-miss
368 http fetch GET 200 https://registry.npmmirror.com/chalk 113ms (cache miss)
369 silly packumentCache full:https://registry.npmmirror.com/chalk set size:26531 disposed:false
370 silly fetch manifest remark-stringify@^11.0.0
371 silly packumentCache full:https://registry.npmmirror.com/remark-stringify cache-miss
372 http fetch GET 200 https://registry.npmmirror.com/cli-spinners 106ms (cache miss)
373 silly packumentCache full:https://registry.npmmirror.com/cli-spinners set size:12769 disposed:false
374 silly fetch manifest unified@^11.0.0
375 silly packumentCache full:https://registry.npmmirror.com/unified cache-hit
376 silly fetch manifest mdast-util-from-markdown@^2.0.0
377 silly packumentCache full:https://registry.npmmirror.com/mdast-util-from-markdown cache-miss
378 http fetch GET 200 https://registry.npmmirror.com/is-interactive 108ms (cache miss)
379 silly packumentCache full:https://registry.npmmirror.com/is-interactive set size:2696 disposed:false
380 silly fetch manifest micromark-util-types@^2.0.0
381 silly packumentCache full:https://registry.npmmirror.com/micromark-util-types cache-miss
382 http fetch GET 200 https://registry.npmmirror.com/log-symbols 90ms (cache miss)
383 silly packumentCache full:https://registry.npmmirror.com/log-symbols set size:6736 disposed:false
384 silly fetch manifest @socket.io/component-emitter@~3.1.0
385 silly packumentCache full:https://registry.npmmirror.com/@socket.io%2fcomponent-emitter cache-miss
386 http fetch GET 200 https://registry.npmmirror.com/yocto-queue 76ms (cache miss)
387 silly packumentCache full:https://registry.npmmirror.com/yocto-queue set size:4829 disposed:false
388 silly fetch manifest debug@~4.4.1
389 silly packumentCache full:https://registry.npmmirror.com/debug cache-miss
390 http fetch GET 200 https://registry.npmmirror.com/stdin-discarder 88ms (cache miss)
391 silly packumentCache full:https://registry.npmmirror.com/stdin-discarder set size:4631 disposed:false
392 silly fetch manifest engine.io-client@~6.6.1
393 silly packumentCache full:https://registry.npmmirror.com/engine.io-client cache-miss
394 http fetch GET 200 https://registry.npmmirror.com/retry 76ms (cache miss)
395 silly packumentCache full:https://registry.npmmirror.com/retry set size:8151 disposed:false
396 silly fetch manifest socket.io-parser@~4.2.4
397 silly packumentCache full:https://registry.npmmirror.com/socket.io-parser cache-miss
398 http fetch GET 200 https://registry.npmmirror.com/debug 80ms (cache miss)
399 silly packumentCache full:https://registry.npmmirror.com/debug set size:32036 disposed:false
400 silly fetch manifest @types/unist@^3.0.0
401 silly packumentCache full:https://registry.npmmirror.com/@types%2funist cache-miss
402 http fetch GET 200 https://registry.npmmirror.com/string-width 97ms (cache miss)
403 silly packumentCache full:https://registry.npmmirror.com/string-width set size:13877 disposed:false
404 silly fetch manifest bail@^2.0.0
405 silly packumentCache full:https://registry.npmmirror.com/bail cache-miss
406 http fetch GET 200 https://registry.npmmirror.com/micromark-extension-gfm 62ms (cache miss)
407 silly packumentCache full:https://registry.npmmirror.com/micromark-extension-gfm set size:11442 disposed:false
408 silly fetch manifest devlop@^1.0.0
409 silly packumentCache full:https://registry.npmmirror.com/devlop cache-miss
410 http fetch GET 200 https://registry.npmmirror.com/through2 74ms (cache miss)
411 silly packumentCache full:https://registry.npmmirror.com/through2 set size:22951 disposed:false
412 silly fetch manifest extend@^3.0.0
413 silly packumentCache full:https://registry.npmmirror.com/extend cache-miss
414 http fetch GET 200 https://registry.npmmirror.com/@socket.io%2fcomponent-emitter 58ms (cache miss)
415 silly packumentCache full:https://registry.npmmirror.com/@socket.io%2fcomponent-emitter set size:4671 disposed:false
416 silly fetch manifest is-plain-obj@^4.0.0
417 silly packumentCache full:https://registry.npmmirror.com/is-plain-obj cache-hit
418 silly fetch manifest trough@^2.0.0
419 silly packumentCache full:https://registry.npmmirror.com/trough cache-miss
420 http fetch GET 200 https://registry.npmmirror.com/micromark-util-types 70ms (cache miss)
421 silly packumentCache full:https://registry.npmmirror.com/micromark-util-types set size:6685 disposed:false
422 silly fetch manifest vfile@^6.0.0
423 silly packumentCache full:https://registry.npmmirror.com/vfile cache-miss
424 http fetch GET 200 https://registry.npmmirror.com/mdast-util-from-markdown 80ms (cache miss)
425 silly packumentCache full:https://registry.npmmirror.com/mdast-util-from-markdown set size:23435 disposed:false
426 silly fetch manifest pend@~1.2.0
427 silly packumentCache full:https://registry.npmmirror.com/pend cache-miss
428 http fetch GET 200 https://registry.npmmirror.com/remark-stringify 89ms (cache miss)
429 silly packumentCache full:https://registry.npmmirror.com/remark-stringify set size:16746 disposed:false
430 http fetch GET 200 https://registry.npmmirror.com/bail 47ms (cache miss)
431 silly packumentCache full:https://registry.npmmirror.com/bail set size:6121 disposed:false
432 http fetch GET 200 https://registry.npmmirror.com/mdast-util-gfm 102ms (cache miss)
433 silly packumentCache full:https://registry.npmmirror.com/mdast-util-gfm set size:11825 disposed:false
434 http fetch GET 200 https://registry.npmmirror.com/@types%2funist 57ms (cache miss)
435 silly packumentCache full:https://registry.npmmirror.com/@types%2funist set size:7202 disposed:false
436 http fetch GET 200 https://registry.npmmirror.com/if-async 132ms (cache miss)
437 silly packumentCache full:https://registry.npmmirror.com/if-async set size:4559 disposed:false
438 http fetch GET 200 https://registry.npmmirror.com/stream-slicer 125ms (cache miss)
439 silly packumentCache full:https://registry.npmmirror.com/stream-slicer set size:1999 disposed:false
440 http fetch GET 200 https://registry.npmmirror.com/debug 74ms (cache miss)
441 silly packumentCache full:https://registry.npmmirror.com/debug set size:32036 disposed:false
442 silly packumentCache full:https://registry.npmmirror.com/debug dispose
443 http fetch GET 200 https://registry.npmmirror.com/socket.io-parser 78ms (cache miss)
444 silly packumentCache full:https://registry.npmmirror.com/socket.io-parser set size:26124 disposed:false
445 http fetch GET 200 https://registry.npmmirror.com/devlop 58ms (cache miss)
446 silly packumentCache full:https://registry.npmmirror.com/devlop set size:6112 disposed:false
447 http fetch GET 200 https://registry.npmmirror.com/extend 61ms (cache miss)
448 silly packumentCache full:https://registry.npmmirror.com/extend set size:5756 disposed:false
449 http fetch GET 200 https://registry.npmmirror.com/trough 54ms (cache miss)
450 silly packumentCache full:https://registry.npmmirror.com/trough set size:10402 disposed:false
451 http fetch GET 200 https://registry.npmmirror.com/engine.io-client 97ms (cache miss)
452 silly packumentCache full:https://registry.npmmirror.com/engine.io-client set size:67413 disposed:false
453 http fetch GET 200 https://registry.npmmirror.com/pend 53ms (cache miss)
454 silly packumentCache full:https://registry.npmmirror.com/pend set size:2272 disposed:false
455 http fetch GET 200 https://registry.npmmirror.com/hono 797ms (cache miss)
456 silly packumentCache full:https://registry.npmmirror.com/hono set size:759552 disposed:false
457 http fetch GET 200 https://registry.npmmirror.com/vfile 108ms (cache miss)
458 silly packumentCache full:https://registry.npmmirror.com/vfile set size:33073 disposed:false
459 silly placeDep node_modules/@deveco/deveco-code @hono/node-server@2.1.1 OK for: @modelcontextprotocol/sdk@1.30.0 want: ^1.19.9 || ^2.0.5
460 silly placeDep node_modules/@deveco/deveco-code hono@4.13.8 OK for: @hono/node-server@2.1.1 want: ^4
461 silly placeDep node_modules/@deveco/deveco-code ajv@8.20.0 OK for: @modelcontextprotocol/sdk@1.30.0 want: ^8.17.1
462 silly placeDep node_modules/@deveco/deveco-code ajv-formats@3.0.1 OK for: @modelcontextprotocol/sdk@1.30.0 want: ^3.0.1
463 silly placeDep node_modules/@deveco/deveco-code content-type@1.0.5 OK for: @modelcontextprotocol/sdk@1.30.0 want: ^1.0.5
464 silly placeDep node_modules/@deveco/deveco-code cors@2.8.6 OK for: @modelcontextprotocol/sdk@1.30.0 want: ^2.8.5
465 silly placeDep node_modules/@deveco/deveco-code cross-spawn@7.0.6 OK for: @modelcontextprotocol/sdk@1.30.0 want: ^7.0.5
466 silly placeDep node_modules/@deveco/deveco-code eventsource@3.0.7 OK for: @modelcontextprotocol/sdk@1.30.0 want: ^3.0.2
467 silly placeDep node_modules/@deveco/deveco-code eventsource-parser@3.1.1 OK for: @modelcontextprotocol/sdk@1.30.0 want: ^3.0.0
468 silly placeDep node_modules/@deveco/deveco-code express@5.2.1 OK for: @modelcontextprotocol/sdk@1.30.0 want: ^5.2.1
469 silly placeDep node_modules/@deveco/deveco-code express-rate-limit@8.7.0 OK for: @modelcontextprotocol/sdk@1.30.0 want: ^8.2.1
470 silly placeDep node_modules/@deveco/deveco-code jose@6.2.12 OK for: @modelcontextprotocol/sdk@1.30.0 want: ^6.1.3
471 silly placeDep node_modules/@deveco/deveco-code json-schema-typed@8.0.2 OK for: @modelcontextprotocol/sdk@1.30.0 want: ^8.0.2
472 silly placeDep node_modules/@deveco/deveco-code pkce-challenge@5.0.1 OK for: @modelcontextprotocol/sdk@1.30.0 want: ^5.0.0
473 silly placeDep node_modules/@deveco/deveco-code raw-body@3.0.2 OK for: @modelcontextprotocol/sdk@1.30.0 want: ^3.0.0
474 silly placeDep node_modules/@deveco/deveco-code zod-to-json-schema@3.25.2 OK for: @modelcontextprotocol/sdk@1.30.0 want: ^3.25.1
475 silly fetch manifest fast-deep-equal@^3.1.3
476 silly packumentCache full:https://registry.npmmirror.com/fast-deep-equal cache-miss
477 silly fetch manifest fast-uri@^3.0.1
478 silly packumentCache full:https://registry.npmmirror.com/fast-uri cache-miss
479 silly fetch manifest json-schema-traverse@^1.0.0
480 silly packumentCache full:https://registry.npmmirror.com/json-schema-traverse cache-miss
481 silly fetch manifest require-from-string@^2.0.2
482 silly packumentCache full:https://registry.npmmirror.com/require-from-string cache-miss
483 silly fetch manifest object-assign@^4
484 silly packumentCache full:https://registry.npmmirror.com/object-assign cache-miss
485 silly fetch manifest vary@^1
486 silly packumentCache full:https://registry.npmmirror.com/vary cache-miss
487 silly fetch manifest path-key@^3.1.0
488 silly packumentCache full:https://registry.npmmirror.com/path-key cache-miss
489 silly fetch manifest shebang-command@^2.0.0
490 silly packumentCache full:https://registry.npmmirror.com/shebang-command cache-miss
491 silly fetch manifest which@^2.0.1
492 silly packumentCache full:https://registry.npmmirror.com/which cache-miss
493 silly fetch manifest eventsource-parser@^3.0.1
494 silly packumentCache full:https://registry.npmmirror.com/eventsource-parser cache-hit
495 silly fetch manifest accepts@^2.0.0
496 silly packumentCache full:https://registry.npmmirror.com/accepts cache-miss
497 silly fetch manifest body-parser@^2.2.1
498 silly packumentCache full:https://registry.npmmirror.com/body-parser cache-miss
499 silly fetch manifest content-disposition@^1.0.0
500 silly packumentCache full:https://registry.npmmirror.com/content-disposition cache-miss
501 silly fetch manifest cookie@^0.7.1
502 silly packumentCache full:https://registry.npmmirror.com/cookie cache-miss
503 silly fetch manifest cookie-signature@^1.2.1
504 silly packumentCache full:https://registry.npmmirror.com/cookie-signature cache-miss
505 silly fetch manifest debug@^4.4.0
506 silly packumentCache full:https://registry.npmmirror.com/debug cache-hit
507 silly fetch manifest depd@^2.0.0
508 silly packumentCache full:https://registry.npmmirror.com/depd cache-miss
509 http fetch GET 200 https://registry.npmmirror.com/shebang-command 87ms (cache miss)
510 silly packumentCache full:https://registry.npmmirror.com/shebang-command set size:2106 disposed:false
511 silly fetch manifest encodeurl@^2.0.0
512 silly packumentCache full:https://registry.npmmirror.com/encodeurl cache-miss
513 http fetch GET 200 https://registry.npmmirror.com/cookie-signature 87ms (cache miss)
514 silly packumentCache full:https://registry.npmmirror.com/cookie-signature set size:6334 disposed:false
515 silly fetch manifest escape-html@^1.0.3
516 silly packumentCache full:https://registry.npmmirror.com/escape-html cache-miss
517 http fetch GET 200 https://registry.npmmirror.com/path-key 91ms (cache miss)
518 silly packumentCache full:https://registry.npmmirror.com/path-key set size:3439 disposed:false
519 silly fetch manifest etag@^1.8.1
520 silly packumentCache full:https://registry.npmmirror.com/etag cache-miss
521 http fetch GET 200 https://registry.npmmirror.com/fast-deep-equal 95ms (cache miss)
522 silly packumentCache full:https://registry.npmmirror.com/fast-deep-equal set size:6487 disposed:false
523 silly fetch manifest finalhandler@^2.1.0
524 silly packumentCache full:https://registry.npmmirror.com/finalhandler cache-miss
525 http fetch GET 200 https://registry.npmmirror.com/object-assign 98ms (cache miss)
526 silly packumentCache full:https://registry.npmmirror.com/object-assign set size:5509 disposed:false
527 silly fetch manifest fresh@^2.0.0
528 silly packumentCache full:https://registry.npmmirror.com/fresh cache-miss
529 http fetch GET 200 https://registry.npmmirror.com/depd 95ms (cache miss)
530 silly packumentCache full:https://registry.npmmirror.com/depd set size:8763 disposed:false
531 silly fetch manifest http-errors@^2.0.0
532 silly packumentCache full:https://registry.npmmirror.com/http-errors cache-miss
533 http fetch GET 200 https://registry.npmmirror.com/vary 102ms (cache miss)
534 silly packumentCache full:https://registry.npmmirror.com/vary set size:4180 disposed:false
535 silly fetch manifest merge-descriptors@^2.0.0
536 silly packumentCache full:https://registry.npmmirror.com/merge-descriptors cache-miss
537 http fetch GET 200 https://registry.npmmirror.com/require-from-string 104ms (cache miss)
538 silly packumentCache full:https://registry.npmmirror.com/require-from-string set size:3441 disposed:false
539 silly fetch manifest mime-types@^3.0.0
540 silly packumentCache full:https://registry.npmmirror.com/mime-types cache-miss
541 http fetch GET 200 https://registry.npmmirror.com/json-schema-traverse 106ms (cache miss)
542 silly packumentCache full:https://registry.npmmirror.com/json-schema-traverse set size:4662 disposed:false
543 silly fetch manifest on-finished@^2.4.1
544 silly packumentCache full:https://registry.npmmirror.com/on-finished cache-miss
545 http fetch GET 200 https://registry.npmmirror.com/content-disposition 105ms (cache miss)
546 silly packumentCache full:https://registry.npmmirror.com/content-disposition set size:11321 disposed:false
547 silly fetch manifest once@^1.4.0
548 silly packumentCache full:https://registry.npmmirror.com/once cache-miss
549 http fetch GET 200 https://registry.npmmirror.com/accepts 109ms (cache miss)
550 silly packumentCache full:https://registry.npmmirror.com/accepts set size:14345 disposed:false
551 silly fetch manifest parseurl@^1.3.3
552 silly packumentCache full:https://registry.npmmirror.com/parseurl cache-miss
553 http fetch GET 200 https://registry.npmmirror.com/which 113ms (cache miss)
554 silly packumentCache full:https://registry.npmmirror.com/which set size:14761 disposed:false
555 silly fetch manifest proxy-addr@^2.0.7
556 silly packumentCache full:https://registry.npmmirror.com/proxy-addr cache-miss
557 http fetch GET 200 https://registry.npmmirror.com/cookie 114ms (cache miss)
558 silly packumentCache full:https://registry.npmmirror.com/cookie set size:18751 disposed:false
559 silly fetch manifest qs@^6.14.0
560 silly packumentCache full:https://registry.npmmirror.com/qs cache-miss
561 http fetch GET 200 https://registry.npmmirror.com/fast-uri 121ms (cache miss)
562 silly packumentCache full:https://registry.npmmirror.com/fast-uri set size:28304 disposed:false
563 silly fetch manifest range-parser@^1.2.1
564 silly packumentCache full:https://registry.npmmirror.com/range-parser cache-miss
565 http fetch GET 200 https://registry.npmmirror.com/body-parser 122ms (cache miss)
566 silly packumentCache full:https://registry.npmmirror.com/body-parser set size:39422 disposed:false
567 silly fetch manifest router@^2.2.0
568 silly packumentCache full:https://registry.npmmirror.com/router cache-miss
569 http fetch GET 200 https://registry.npmmirror.com/encodeurl 46ms (cache miss)
570 silly packumentCache full:https://registry.npmmirror.com/encodeurl set size:3849 disposed:false
571 silly fetch manifest send@^1.1.0
572 silly packumentCache full:https://registry.npmmirror.com/send cache-miss
573 http fetch GET 200 https://registry.npmmirror.com/http-errors 49ms (cache miss)
574 silly packumentCache full:https://registry.npmmirror.com/http-errors set size:13920 disposed:false
575 silly fetch manifest serve-static@^2.2.0
576 silly packumentCache full:https://registry.npmmirror.com/serve-static cache-miss
577 http fetch GET 200 https://registry.npmmirror.com/merge-descriptors 51ms (cache miss)
578 silly packumentCache full:https://registry.npmmirror.com/merge-descriptors set size:3995 disposed:false
579 silly fetch manifest statuses@^2.0.1
580 silly packumentCache full:https://registry.npmmirror.com/statuses cache-miss
581 http fetch GET 200 https://registry.npmmirror.com/fresh 61ms (cache miss)
582 silly packumentCache full:https://registry.npmmirror.com/fresh set size:7129 disposed:false
583 silly fetch manifest type-is@^2.0.1
584 silly packumentCache full:https://registry.npmmirror.com/type-is cache-miss
585 http fetch GET 200 https://registry.npmmirror.com/on-finished 54ms (cache miss)
586 silly packumentCache full:https://registry.npmmirror.com/on-finished set size:6578 disposed:false
587 silly fetch manifest vary@^1.1.2
588 silly packumentCache full:https://registry.npmmirror.com/vary cache-hit
589 silly fetch manifest debug@^4.4.3
590 silly packumentCache full:https://registry.npmmirror.com/debug cache-hit
591 silly fetch manifest ip-address@^10.2.0
592 silly packumentCache full:https://registry.npmmirror.com/ip-address cache-miss
593 http fetch GET 200 https://registry.npmmirror.com/once 56ms (cache miss)
594 silly packumentCache full:https://registry.npmmirror.com/once set size:3210 disposed:false
595 silly fetch manifest bytes@~3.1.2
596 silly packumentCache full:https://registry.npmmirror.com/bytes cache-miss
597 http fetch GET 200 https://registry.npmmirror.com/finalhandler 72ms (cache miss)
598 silly packumentCache full:https://registry.npmmirror.com/finalhandler set size:15171 disposed:false
599 silly fetch manifest http-errors@~2.0.1
600 silly packumentCache full:https://registry.npmmirror.com/http-errors cache-hit
601 silly fetch manifest iconv-lite@~0.7.0
602 silly packumentCache full:https://registry.npmmirror.com/iconv-lite cache-miss
603 http fetch GET 200 https://registry.npmmirror.com/mime-types 69ms (cache miss)
604 silly packumentCache full:https://registry.npmmirror.com/mime-types set size:21367 disposed:false
605 silly fetch manifest unpipe@~1.0.0
606 silly packumentCache full:https://registry.npmmirror.com/unpipe cache-miss
607 http fetch GET 200 https://registry.npmmirror.com/escape-html 89ms (cache miss)
608 silly packumentCache full:https://registry.npmmirror.com/escape-html set size:2142 disposed:false
609 http fetch GET 200 https://registry.npmmirror.com/parseurl 71ms (cache miss)
610 silly packumentCache full:https://registry.npmmirror.com/parseurl set size:5295 disposed:false
611 http fetch GET 200 https://registry.npmmirror.com/etag 91ms (cache miss)
612 silly packumentCache full:https://registry.npmmirror.com/etag set size:6177 disposed:false
613 http fetch GET 200 https://registry.npmmirror.com/range-parser 63ms (cache miss)
614 silly packumentCache full:https://registry.npmmirror.com/range-parser set size:5927 disposed:false
615 http fetch GET 200 https://registry.npmmirror.com/proxy-addr 86ms (cache miss)
616 silly packumentCache full:https://registry.npmmirror.com/proxy-addr set size:11658 disposed:false
617 http fetch GET 200 https://registry.npmmirror.com/qs 85ms (cache miss)
618 silly packumentCache full:https://registry.npmmirror.com/qs set size:70811 disposed:false
619 http fetch GET 200 https://registry.npmmirror.com/send 70ms (cache miss)
620 silly packumentCache full:https://registry.npmmirror.com/send set size:28306 disposed:false
621 http fetch GET 200 https://registry.npmmirror.com/router 92ms (cache miss)
622 silly packumentCache full:https://registry.npmmirror.com/router set size:27125 disposed:false
623 http fetch GET 200 https://registry.npmmirror.com/unpipe 45ms (cache miss)
624 silly packumentCache full:https://registry.npmmirror.com/unpipe set size:1514 disposed:false
625 http fetch GET 200 https://registry.npmmirror.com/type-is 74ms (cache miss)
626 silly packumentCache full:https://registry.npmmirror.com/type-is set size:15368 disposed:false
627 http fetch GET 200 https://registry.npmmirror.com/statuses 82ms (cache miss)
628 silly packumentCache full:https://registry.npmmirror.com/statuses set size:7676 disposed:false
629 http fetch GET 200 https://registry.npmmirror.com/bytes 73ms (cache miss)
630 silly packumentCache full:https://registry.npmmirror.com/bytes set size:9014 disposed:false
631 http fetch GET 200 https://registry.npmmirror.com/iconv-lite 73ms (cache miss)
632 silly packumentCache full:https://registry.npmmirror.com/iconv-lite set size:20781 disposed:false
633 http fetch GET 200 https://registry.npmmirror.com/serve-static 92ms (cache miss)
634 silly packumentCache full:https://registry.npmmirror.com/serve-static set size:26022 disposed:false
635 http fetch GET 200 https://registry.npmmirror.com/ip-address 126ms (cache miss)
636 silly packumentCache full:https://registry.npmmirror.com/ip-address set size:38652 disposed:false
637 silly placeDep node_modules/@deveco/deveco-code fast-deep-equal@3.1.3 OK for: ajv@8.20.0 want: ^3.1.3
638 silly placeDep node_modules/@deveco/deveco-code fast-uri@3.1.8 OK for: ajv@8.20.0 want: ^3.0.1
639 silly placeDep node_modules/@deveco/deveco-code json-schema-traverse@1.0.0 OK for: ajv@8.20.0 want: ^1.0.0
640 silly placeDep node_modules/@deveco/deveco-code require-from-string@2.0.2 OK for: ajv@8.20.0 want: ^2.0.2
641 silly placeDep node_modules/@deveco/deveco-code follow-redirects@1.16.0 OK for: axios@1.19.0 want: ^1.16.0
642 silly placeDep node_modules/@deveco/deveco-code form-data@4.0.6 OK for: axios@1.19.0 want: ^4.0.6
643 silly placeDep node_modules/@deveco/deveco-code https-proxy-agent@5.0.1 OK for: axios@1.19.0 want: ^5.0.1
644 silly placeDep node_modules/@deveco/deveco-code proxy-from-env@2.1.0 OK for: axios@1.19.0 want: ^2.1.0
645 silly fetch manifest hasown@^2.0.4
646 silly packumentCache full:https://registry.npmmirror.com/hasown cache-miss
647 silly fetch manifest asynckit@^0.4.0
648 silly packumentCache full:https://registry.npmmirror.com/asynckit cache-miss
649 silly fetch manifest mime-types@^2.1.35
650 silly packumentCache full:https://registry.npmmirror.com/mime-types cache-hit
651 silly fetch manifest combined-stream@^1.0.8
652 silly packumentCache full:https://registry.npmmirror.com/combined-stream cache-miss
653 silly fetch manifest es-set-tostringtag@^2.1.0
654 silly packumentCache full:https://registry.npmmirror.com/es-set-tostringtag cache-miss
655 silly fetch manifest agent-base@6
656 silly packumentCache full:https://registry.npmmirror.com/agent-base cache-miss
657 silly fetch manifest debug@4
658 silly packumentCache full:https://registry.npmmirror.com/debug cache-hit
659 http fetch GET 200 https://registry.npmmirror.com/hasown 52ms (cache miss)
660 silly packumentCache full:https://registry.npmmirror.com/hasown set size:4802 disposed:false
661 http fetch GET 200 https://registry.npmmirror.com/combined-stream 53ms (cache miss)
662 silly packumentCache full:https://registry.npmmirror.com/combined-stream set size:7154 disposed:false
663 http fetch GET 200 https://registry.npmmirror.com/es-set-tostringtag 57ms (cache miss)
664 silly packumentCache full:https://registry.npmmirror.com/es-set-tostringtag set size:6558 disposed:false
665 http fetch GET 200 https://registry.npmmirror.com/asynckit 67ms (cache miss)
666 silly packumentCache full:https://registry.npmmirror.com/asynckit set size:4942 disposed:false
667 http fetch GET 200 https://registry.npmmirror.com/agent-base 77ms (cache miss)
668 silly packumentCache full:https://registry.npmmirror.com/agent-base set size:13928 disposed:false
669 silly placeDep node_modules/@deveco/deveco-code object-assign@4.1.1 OK for: cors@2.8.6 want: ^4
670 silly placeDep node_modules/@deveco/deveco-code vary@1.1.2 OK for: cors@2.8.6 want: ^1
671 silly placeDep node_modules/@deveco/deveco-code path-key@3.1.1 OK for: cross-spawn@7.0.6 want: ^3.1.0
672 silly placeDep node_modules/@deveco/deveco-code shebang-command@2.0.0 OK for: cross-spawn@7.0.6 want: ^2.0.0
673 silly placeDep node_modules/@deveco/deveco-code which@2.0.2 OK for: cross-spawn@7.0.6 want: ^2.0.1
674 silly fetch manifest shebang-regex@^3.0.0
675 silly packumentCache full:https://registry.npmmirror.com/shebang-regex cache-miss
676 silly fetch manifest isexe@^2.0.0
677 silly packumentCache full:https://registry.npmmirror.com/isexe cache-miss
678 http fetch GET 200 https://registry.npmmirror.com/shebang-regex 34ms (cache miss)
679 silly packumentCache full:https://registry.npmmirror.com/shebang-regex set size:2417 disposed:false
680 http fetch GET 200 https://registry.npmmirror.com/isexe 44ms (cache miss)
681 silly packumentCache full:https://registry.npmmirror.com/isexe set size:7230 disposed:false
682 silly placeDep node_modules/@deveco/deveco-code @sindresorhus/merge-streams@4.0.0 OK for: execa@9.6.1 want: ^4.0.0
683 silly placeDep node_modules/@deveco/deveco-code figures@6.1.0 OK for: execa@9.6.1 want: ^6.1.0
684 silly placeDep node_modules/@deveco/deveco-code get-stream@9.0.1 OK for: execa@9.6.1 want: ^9.0.0
685 silly placeDep node_modules/@deveco/deveco-code human-signals@8.0.1 OK for: execa@9.6.1 want: ^8.0.1
686 silly placeDep node_modules/@deveco/deveco-code is-plain-obj@4.1.0 OK for: execa@9.6.1 want: ^4.1.0
687 silly placeDep node_modules/@deveco/deveco-code is-stream@4.0.1 OK for: execa@9.6.1 want: ^4.0.1
688 silly placeDep node_modules/@deveco/deveco-code npm-run-path@6.0.0 OK for: execa@9.6.1 want: ^6.0.0
689 silly placeDep node_modules/@deveco/deveco-code pretty-ms@9.3.1 OK for: execa@9.6.1 want: ^9.2.0
690 silly placeDep node_modules/@deveco/deveco-code signal-exit@4.1.0 OK for: execa@9.6.1 want: ^4.1.0
691 silly placeDep node_modules/@deveco/deveco-code strip-final-newline@4.0.0 OK for: execa@9.6.1 want: ^4.0.0
692 silly placeDep node_modules/@deveco/deveco-code yoctocolors@2.2.0 OK for: execa@9.6.1 want: ^2.1.1
693 silly fetch manifest is-unicode-supported@^2.0.0
694 silly packumentCache full:https://registry.npmmirror.com/is-unicode-supported cache-hit
695 silly fetch manifest @sec-ant/readable-stream@^0.4.1
696 silly packumentCache full:https://registry.npmmirror.com/@sec-ant%2freadable-stream cache-miss
697 silly fetch manifest path-key@^4.0.0
698 silly packumentCache full:https://registry.npmmirror.com/path-key cache-hit
699 silly fetch manifest unicorn-magic@^0.3.0
700 silly packumentCache full:https://registry.npmmirror.com/unicorn-magic cache-miss
701 silly fetch manifest parse-ms@^4.0.0
702 silly packumentCache full:https://registry.npmmirror.com/parse-ms cache-miss
703 http fetch GET 200 https://registry.npmmirror.com/parse-ms 47ms (cache miss)
704 silly packumentCache full:https://registry.npmmirror.com/parse-ms set size:3771 disposed:false
705 http fetch GET 200 https://registry.npmmirror.com/unicorn-magic 48ms (cache miss)
706 silly packumentCache full:https://registry.npmmirror.com/unicorn-magic set size:2843 disposed:false
707 http fetch GET 200 https://registry.npmmirror.com/@sec-ant%2freadable-stream 67ms (cache miss)
708 silly packumentCache full:https://registry.npmmirror.com/@sec-ant%2freadable-stream set size:12294 disposed:false
709 silly placeDep node_modules/@deveco/deveco-code accepts@2.0.0 OK for: express@5.2.1 want: ^2.0.0
710 silly placeDep node_modules/@deveco/deveco-code body-parser@2.3.0 OK for: express@5.2.1 want: ^2.2.1
711 silly placeDep node_modules/@deveco/deveco-code content-disposition@1.1.0 OK for: express@5.2.1 want: ^1.0.0
712 silly placeDep node_modules/@deveco/deveco-code cookie@0.7.2 OK for: express@5.2.1 want: ^0.7.1
713 silly placeDep node_modules/@deveco/deveco-code cookie-signature@1.2.2 OK for: express@5.2.1 want: ^1.2.1
714 silly placeDep node_modules/@deveco/deveco-code debug@4.4.3 OK for: express@5.2.1 want: ^4.4.0
715 silly placeDep node_modules/@deveco/deveco-code depd@2.0.0 OK for: express@5.2.1 want: ^2.0.0
716 silly placeDep node_modules/@deveco/deveco-code encodeurl@2.0.0 OK for: express@5.2.1 want: ^2.0.0
717 silly placeDep node_modules/@deveco/deveco-code escape-html@1.0.3 OK for: express@5.2.1 want: ^1.0.3
718 silly placeDep node_modules/@deveco/deveco-code etag@1.8.1 OK for: express@5.2.1 want: ^1.8.1
719 silly placeDep node_modules/@deveco/deveco-code finalhandler@2.1.1 OK for: express@5.2.1 want: ^2.1.0
720 silly placeDep node_modules/@deveco/deveco-code fresh@2.0.0 OK for: express@5.2.1 want: ^2.0.0
721 silly placeDep node_modules/@deveco/deveco-code http-errors@2.0.1 OK for: express@5.2.1 want: ^2.0.0
722 silly placeDep node_modules/@deveco/deveco-code merge-descriptors@2.0.0 OK for: express@5.2.1 want: ^2.0.0
723 silly placeDep node_modules/@deveco/deveco-code mime-types@3.0.2 OK for: express@5.2.1 want: ^3.0.0
724 silly placeDep node_modules/@deveco/deveco-code on-finished@2.4.1 OK for: express@5.2.1 want: ^2.4.1
725 silly placeDep node_modules/@deveco/deveco-code once@1.4.0 OK for: express@5.2.1 want: ^1.4.0
726 silly placeDep node_modules/@deveco/deveco-code parseurl@1.3.3 OK for: express@5.2.1 want: ^1.3.3
727 silly placeDep node_modules/@deveco/deveco-code proxy-addr@2.0.8 OK for: express@5.2.1 want: ^2.0.7
728 silly placeDep node_modules/@deveco/deveco-code qs@6.16.0 OK for: express@5.2.1 want: ^6.14.0
729 silly placeDep node_modules/@deveco/deveco-code range-parser@1.3.0 OK for: express@5.2.1 want: ^1.2.1
730 silly placeDep node_modules/@deveco/deveco-code router@2.2.0 OK for: express@5.2.1 want: ^2.2.0
731 silly placeDep node_modules/@deveco/deveco-code send@1.2.1 OK for: express@5.2.1 want: ^1.1.0
732 silly placeDep node_modules/@deveco/deveco-code serve-static@2.2.1 OK for: express@5.2.1 want: ^2.2.0
733 silly placeDep node_modules/@deveco/deveco-code statuses@2.0.2 OK for: express@5.2.1 want: ^2.0.1
734 silly placeDep node_modules/@deveco/deveco-code type-is@2.1.0 OK for: express@5.2.1 want: ^2.0.1
735 silly fetch manifest negotiator@^1.0.0
736 silly packumentCache full:https://registry.npmmirror.com/negotiator cache-miss
737 silly fetch manifest bytes@^3.1.2
738 silly packumentCache full:https://registry.npmmirror.com/bytes cache-hit
739 silly fetch manifest content-type@^2.0.0
740 silly packumentCache full:https://registry.npmmirror.com/content-type cache-hit
741 silly fetch manifest http-errors@^2.0.1
742 silly packumentCache full:https://registry.npmmirror.com/http-errors cache-hit
743 silly fetch manifest iconv-lite@^0.7.2
744 silly packumentCache full:https://registry.npmmirror.com/iconv-lite cache-hit
745 silly fetch manifest qs@^6.15.2
746 silly packumentCache full:https://registry.npmmirror.com/qs cache-hit
747 silly fetch manifest type-is@^2.1.0
748 silly packumentCache full:https://registry.npmmirror.com/type-is cache-hit
749 silly fetch manifest ms@^2.1.3
750 silly packumentCache full:https://registry.npmmirror.com/ms cache-miss
751 silly fetch manifest inherits@~2.0.4
752 silly packumentCache full:https://registry.npmmirror.com/inherits cache-miss
753 silly fetch manifest setprototypeof@~1.2.0
754 silly packumentCache full:https://registry.npmmirror.com/setprototypeof cache-miss
755 silly fetch manifest statuses@~2.0.2
756 silly packumentCache full:https://registry.npmmirror.com/statuses cache-hit
757 silly fetch manifest toidentifier@~1.0.1
758 silly packumentCache full:https://registry.npmmirror.com/toidentifier cache-miss
759 silly fetch manifest mime-db@^1.54.0
760 silly packumentCache full:https://registry.npmmirror.com/mime-db cache-miss
761 silly fetch manifest ee-first@1.1.1
762 silly packumentCache full:https://registry.npmmirror.com/ee-first cache-miss
763 silly fetch manifest wrappy@1
764 silly packumentCache full:https://registry.npmmirror.com/wrappy cache-miss
765 silly fetch manifest forwarded@0.2.0
766 silly packumentCache full:https://registry.npmmirror.com/forwarded cache-miss
767 silly fetch manifest ipaddr.js@1.9.1
768 silly packumentCache full:https://registry.npmmirror.com/ipaddr.js cache-miss
769 silly fetch manifest side-channel@^1.1.1
770 silly packumentCache full:https://registry.npmmirror.com/side-channel cache-miss
771 silly fetch manifest es-define-property@^1.0.1
772 silly packumentCache full:https://registry.npmmirror.com/es-define-property cache-miss
773 silly fetch manifest is-promise@^4.0.0
774 silly packumentCache full:https://registry.npmmirror.com/is-promise cache-miss
775 silly fetch manifest path-to-regexp@^8.0.0
776 silly packumentCache full:https://registry.npmmirror.com/path-to-regexp cache-miss
777 silly fetch manifest ms@^2.1.3
778 silly packumentCache full:https://registry.npmmirror.com/ms cache-miss
779 http fetch GET 200 https://registry.npmmirror.com/negotiator 36ms (cache miss)
780 silly packumentCache full:https://registry.npmmirror.com/negotiator set size:11625 disposed:false
781 silly fetch manifest statuses@^2.0.2
782 silly packumentCache full:https://registry.npmmirror.com/statuses cache-hit
783 silly fetch manifest media-typer@^1.1.0
784 silly packumentCache full:https://registry.npmmirror.com/media-typer cache-miss
785 http fetch GET 200 https://registry.npmmirror.com/forwarded 52ms (cache miss)
786 silly packumentCache full:https://registry.npmmirror.com/forwarded set size:2947 disposed:false
787 http fetch GET 200 https://registry.npmmirror.com/wrappy 54ms (cache miss)
788 silly packumentCache full:https://registry.npmmirror.com/wrappy set size:2201 disposed:false
789 http fetch GET 200 https://registry.npmmirror.com/is-promise 54ms (cache miss)
790 silly packumentCache full:https://registry.npmmirror.com/is-promise set size:3391 disposed:false
791 http fetch GET 200 https://registry.npmmirror.com/ee-first 56ms (cache miss)
792 silly packumentCache full:https://registry.npmmirror.com/ee-first set size:3574 disposed:false
793 http fetch GET 200 https://registry.npmmirror.com/toidentifier 59ms (cache miss)
794 silly packumentCache full:https://registry.npmmirror.com/toidentifier set size:3571 disposed:false
795 http fetch GET 200 https://registry.npmmirror.com/es-define-property 58ms (cache miss)
796 silly packumentCache full:https://registry.npmmirror.com/es-define-property set size:2896 disposed:false
797 http fetch GET 200 https://registry.npmmirror.com/side-channel 60ms (cache miss)
798 silly packumentCache full:https://registry.npmmirror.com/side-channel set size:5472 disposed:false
799 http fetch GET 200 https://registry.npmmirror.com/inherits 66ms (cache miss)
800 silly packumentCache full:https://registry.npmmirror.com/inherits set size:3419 disposed:false
801 http fetch GET 200 https://registry.npmmirror.com/ms 68ms (cache miss)
802 silly packumentCache full:https://registry.npmmirror.com/ms set size:15985 disposed:false
803 http fetch GET 200 https://registry.npmmirror.com/ipaddr.js 70ms (cache miss)
804 silly packumentCache full:https://registry.npmmirror.com/ipaddr.js set size:17844 disposed:false
805 http fetch GET 200 https://registry.npmmirror.com/ms 75ms (cache miss)
806 silly packumentCache full:https://registry.npmmirror.com/ms set size:15985 disposed:false
807 silly packumentCache full:https://registry.npmmirror.com/ms dispose
808 http fetch GET 200 https://registry.npmmirror.com/path-to-regexp 73ms (cache miss)
809 silly packumentCache full:https://registry.npmmirror.com/path-to-regexp set size:29678 disposed:false
810 http fetch GET 200 https://registry.npmmirror.com/mime-db 80ms (cache miss)
811 silly packumentCache full:https://registry.npmmirror.com/mime-db set size:24206 disposed:false
812 http fetch GET 200 https://registry.npmmirror.com/media-typer 52ms (cache miss)
813 silly packumentCache full:https://registry.npmmirror.com/media-typer set size:5587 disposed:false
814 http fetch GET 200 https://registry.npmmirror.com/setprototypeof 157ms (cache miss)
815 silly packumentCache full:https://registry.npmmirror.com/setprototypeof set size:3278 disposed:false
816 silly placeDep node_modules/@deveco/deveco-code negotiator@1.1.0 OK for: accepts@2.0.0 want: ^1.0.0
817 silly fetch manifest content-type@^2.1.0
818 silly packumentCache full:https://registry.npmmirror.com/content-type cache-hit
819 silly placeDep node_modules/@deveco/deveco-code bytes@3.1.2 OK for: body-parser@2.3.0 want: ^3.1.2
820 silly placeDep node_modules/@deveco/deveco-code/node_modules/body-parser content-type@2.1.0 OK for: body-parser@2.3.0 want: ^2.0.0
821 silly placeDep node_modules/@deveco/deveco-code iconv-lite@0.7.3 OK for: body-parser@2.3.0 want: ^0.7.2
822 silly fetch manifest safer-buffer@>= 2.1.2 < 3.0.0
823 silly packumentCache full:https://registry.npmmirror.com/safer-buffer cache-miss
824 http fetch GET 200 https://registry.npmmirror.com/safer-buffer 30ms (cache miss)
825 silly packumentCache full:https://registry.npmmirror.com/safer-buffer set size:6036 disposed:false
826 silly placeDep node_modules/@deveco/deveco-code ms@2.1.3 OK for: debug@4.4.3 want: ^2.1.3
827 silly placeDep node_modules/@deveco/deveco-code ip-address@10.7.2 OK for: express-rate-limit@8.7.0 want: ^10.2.0
828 silly placeDep node_modules/@deveco/deveco-code is-unicode-supported@2.1.0 OK for: figures@6.1.0 want: ^2.0.0
829 silly placeDep node_modules/@deveco/deveco-code asynckit@0.4.0 OK for: form-data@4.0.6 want: ^0.4.0
830 silly placeDep node_modules/@deveco/deveco-code combined-stream@1.0.8 OK for: form-data@4.0.6 want: ^1.0.8
831 silly placeDep node_modules/@deveco/deveco-code es-set-tostringtag@2.1.0 OK for: form-data@4.0.6 want: ^2.1.0
832 silly placeDep node_modules/@deveco/deveco-code hasown@2.0.4 OK for: form-data@4.0.6 want: ^2.0.4
833 silly placeDep node_modules/@deveco/deveco-code/node_modules/form-data mime-types@2.1.35 OK for: form-data@4.0.6 want: ^2.1.35
834 silly fetch manifest delayed-stream@~1.0.0
835 silly packumentCache full:https://registry.npmmirror.com/delayed-stream cache-miss
836 silly fetch manifest es-errors@^1.3.0
837 silly packumentCache full:https://registry.npmmirror.com/es-errors cache-miss
838 silly fetch manifest get-intrinsic@^1.2.6
839 silly packumentCache full:https://registry.npmmirror.com/get-intrinsic cache-miss
840 silly fetch manifest has-tostringtag@^1.0.2
841 silly packumentCache full:https://registry.npmmirror.com/has-tostringtag cache-miss
842 silly fetch manifest hasown@^2.0.2
843 silly packumentCache full:https://registry.npmmirror.com/hasown cache-hit
844 silly fetch manifest function-bind@^1.1.2
845 silly packumentCache full:https://registry.npmmirror.com/function-bind cache-miss
846 silly fetch manifest mime-db@1.52.0
847 silly packumentCache full:https://registry.npmmirror.com/mime-db cache-hit
848 http fetch GET 200 https://registry.npmmirror.com/delayed-stream 39ms (cache miss)
849 silly packumentCache full:https://registry.npmmirror.com/delayed-stream set size:4333 disposed:false
850 http fetch GET 200 https://registry.npmmirror.com/function-bind 39ms (cache miss)
851 silly packumentCache full:https://registry.npmmirror.com/function-bind set size:4376 disposed:false
852 http fetch GET 200 https://registry.npmmirror.com/es-errors 42ms (cache miss)
853 silly packumentCache full:https://registry.npmmirror.com/es-errors set size:4030 disposed:false
854 http fetch GET 200 https://registry.npmmirror.com/get-intrinsic 43ms (cache miss)
855 silly packumentCache full:https://registry.npmmirror.com/get-intrinsic set size:11575 disposed:false
856 http fetch GET 200 https://registry.npmmirror.com/has-tostringtag 47ms (cache miss)
857 silly packumentCache full:https://registry.npmmirror.com/has-tostringtag set size:3448 disposed:false
858 silly placeDep node_modules/@deveco/deveco-code delayed-stream@1.0.0 OK for: combined-stream@1.0.8 want: ~1.0.0
859 silly placeDep node_modules/@deveco/deveco-code es-errors@1.3.0 OK for: es-set-tostringtag@2.1.0 want: ^1.3.0
860 silly placeDep node_modules/@deveco/deveco-code get-intrinsic@1.3.0 OK for: es-set-tostringtag@2.1.0 want: ^1.2.6
861 silly placeDep node_modules/@deveco/deveco-code has-tostringtag@1.0.2 OK for: es-set-tostringtag@2.1.0 want: ^1.0.2
862 silly fetch manifest call-bind-apply-helpers@^1.0.2
863 silly packumentCache full:https://registry.npmmirror.com/call-bind-apply-helpers cache-miss
864 silly fetch manifest es-object-atoms@^1.1.1
865 silly packumentCache full:https://registry.npmmirror.com/es-object-atoms cache-miss
866 silly fetch manifest get-proto@^1.0.1
867 silly packumentCache full:https://registry.npmmirror.com/get-proto cache-miss
868 silly fetch manifest gopd@^1.2.0
869 silly packumentCache full:https://registry.npmmirror.com/gopd cache-miss
870 silly fetch manifest has-symbols@^1.1.0
871 silly packumentCache full:https://registry.npmmirror.com/has-symbols cache-miss
872 silly fetch manifest math-intrinsics@^1.1.0
873 silly packumentCache full:https://registry.npmmirror.com/math-intrinsics cache-miss
874 silly fetch manifest has-symbols@^1.0.3
875 silly packumentCache full:https://registry.npmmirror.com/has-symbols cache-miss
876 http fetch GET 200 https://registry.npmmirror.com/call-bind-apply-helpers 28ms (cache miss)
877 silly packumentCache full:https://registry.npmmirror.com/call-bind-apply-helpers set size:3532 disposed:false
878 http fetch GET 200 https://registry.npmmirror.com/get-proto 43ms (cache miss)
879 silly packumentCache full:https://registry.npmmirror.com/get-proto set size:2799 disposed:false
880 http fetch GET 200 https://registry.npmmirror.com/math-intrinsics 44ms (cache miss)
881 silly packumentCache full:https://registry.npmmirror.com/math-intrinsics set size:3012 disposed:false
882 http fetch GET 200 https://registry.npmmirror.com/has-symbols 44ms (cache miss)
883 silly packumentCache full:https://registry.npmmirror.com/has-symbols set size:5325 disposed:false
884 http fetch GET 200 https://registry.npmmirror.com/es-object-atoms 46ms (cache miss)
885 silly packumentCache full:https://registry.npmmirror.com/es-object-atoms set size:4324 disposed:false
886 http fetch GET 200 https://registry.npmmirror.com/gopd 46ms (cache miss)
887 silly packumentCache full:https://registry.npmmirror.com/gopd set size:3962 disposed:false
888 http fetch GET 200 https://registry.npmmirror.com/has-symbols 48ms (cache miss)
889 silly packumentCache full:https://registry.npmmirror.com/has-symbols set size:5325 disposed:false
890 silly packumentCache full:https://registry.npmmirror.com/has-symbols dispose
891 silly placeDep node_modules/@deveco/deveco-code graceful-fs@4.2.11 OK for: fs-extra@11.4.0 want: ^4.2.0
892 silly placeDep node_modules/@deveco/deveco-code jsonfile@6.2.1 OK for: fs-extra@11.4.0 want: ^6.0.1
893 silly placeDep node_modules/@deveco/deveco-code universalify@2.0.1 OK for: fs-extra@11.4.0 want: ^2.0.0
894 silly placeDep node_modules/@deveco/deveco-code call-bind-apply-helpers@1.0.2 OK for: get-intrinsic@1.3.0 want: ^1.0.2
895 silly placeDep node_modules/@deveco/deveco-code es-define-property@1.0.1 OK for: get-intrinsic@1.3.0 want: ^1.0.1
896 silly placeDep node_modules/@deveco/deveco-code es-object-atoms@1.1.2 OK for: get-intrinsic@1.3.0 want: ^1.1.1
897 silly placeDep node_modules/@deveco/deveco-code function-bind@1.1.2 OK for: get-intrinsic@1.3.0 want: ^1.1.2
898 silly placeDep node_modules/@deveco/deveco-code get-proto@1.0.1 OK for: get-intrinsic@1.3.0 want: ^1.0.1
899 silly placeDep node_modules/@deveco/deveco-code gopd@1.2.0 OK for: get-intrinsic@1.3.0 want: ^1.2.0
900 silly placeDep node_modules/@deveco/deveco-code has-symbols@1.1.0 OK for: get-intrinsic@1.3.0 want: ^1.1.0
901 silly placeDep node_modules/@deveco/deveco-code math-intrinsics@1.1.0 OK for: get-intrinsic@1.3.0 want: ^1.1.0
902 silly fetch manifest dunder-proto@^1.0.1
903 silly packumentCache full:https://registry.npmmirror.com/dunder-proto cache-miss
904 http fetch GET 200 https://registry.npmmirror.com/dunder-proto 66ms (cache miss)
905 silly packumentCache full:https://registry.npmmirror.com/dunder-proto set size:2798 disposed:false
906 silly placeDep node_modules/@deveco/deveco-code dunder-proto@1.0.1 OK for: get-proto@1.0.1 want: ^1.0.1
907 silly placeDep node_modules/@deveco/deveco-code @sec-ant/readable-stream@0.4.1 OK for: get-stream@9.0.1 want: ^0.4.1
908 silly placeDep node_modules/@deveco/deveco-code globalthis@1.0.4 OK for: global-agent@4.1.3 want: ^1.0.2
909 silly placeDep node_modules/@deveco/deveco-code matcher@4.0.0 OK for: global-agent@4.1.3 want: ^4.0.0
910 silly placeDep node_modules/@deveco/deveco-code serialize-error@8.1.0 OK for: global-agent@4.1.3 want: ^8.1.0
911 silly fetch manifest define-properties@^1.2.1
912 silly packumentCache full:https://registry.npmmirror.com/define-properties cache-miss
913 silly fetch manifest escape-string-regexp@^4.0.0
914 silly packumentCache full:https://registry.npmmirror.com/escape-string-regexp cache-miss
915 silly fetch manifest type-fest@^0.20.2
916 silly packumentCache full:https://registry.npmmirror.com/type-fest cache-miss
917 http fetch GET 200 https://registry.npmmirror.com/define-properties 38ms (cache miss)
918 silly packumentCache full:https://registry.npmmirror.com/define-properties set size:7369 disposed:false
919 http fetch GET 200 https://registry.npmmirror.com/escape-string-regexp 38ms (cache miss)
920 silly packumentCache full:https://registry.npmmirror.com/escape-string-regexp set size:4070 disposed:false
921 http fetch GET 200 https://registry.npmmirror.com/type-fest 77ms (cache miss)
922 silly packumentCache full:https://registry.npmmirror.com/type-fest set size:117275 disposed:false
923 silly placeDep node_modules/@deveco/deveco-code define-properties@1.2.1 OK for: globalthis@1.0.4 want: ^1.2.1
924 silly fetch manifest define-data-property@^1.0.1
925 silly packumentCache full:https://registry.npmmirror.com/define-data-property cache-miss
926 silly fetch manifest has-property-descriptors@^1.0.0
927 silly packumentCache full:https://registry.npmmirror.com/has-property-descriptors cache-miss
928 silly fetch manifest object-keys@^1.1.1
929 silly packumentCache full:https://registry.npmmirror.com/object-keys cache-miss
930 http fetch GET 200 https://registry.npmmirror.com/has-property-descriptors 47ms (cache miss)
931 silly packumentCache full:https://registry.npmmirror.com/has-property-descriptors set size:4037 disposed:false
932 http fetch GET 200 https://registry.npmmirror.com/define-data-property 48ms (cache miss)
933 silly packumentCache full:https://registry.npmmirror.com/define-data-property set size:5602 disposed:false
934 http fetch GET 200 https://registry.npmmirror.com/object-keys 60ms (cache miss)
935 silly packumentCache full:https://registry.npmmirror.com/object-keys set size:10709 disposed:false
936 silly placeDep node_modules/@deveco/deveco-code define-data-property@1.1.4 OK for: define-properties@1.2.1 want: ^1.0.1
937 silly placeDep node_modules/@deveco/deveco-code has-property-descriptors@1.0.2 OK for: define-properties@1.2.1 want: ^1.0.0
938 silly placeDep node_modules/@deveco/deveco-code object-keys@1.1.1 OK for: define-properties@1.2.1 want: ^1.1.1
939 silly placeDep node_modules/@deveco/deveco-code inherits@2.0.4 OK for: http-errors@2.0.1 want: ~2.0.4
940 silly placeDep node_modules/@deveco/deveco-code setprototypeof@1.2.0 OK for: http-errors@2.0.1 want: ~1.2.0
941 silly placeDep node_modules/@deveco/deveco-code toidentifier@1.0.1 OK for: http-errors@2.0.1 want: ~1.0.1
942 silly placeDep node_modules/@deveco/deveco-code agent-base@6.0.2 OK for: https-proxy-agent@5.0.1 want: 6
943 silly placeDep node_modules/@deveco/deveco-code safer-buffer@2.1.2 OK for: iconv-lite@0.7.3 want: >= 2.1.2 < 3.0.0
944 silly placeDep node_modules/@deveco/deveco-code escape-string-regexp@4.0.0 OK for: matcher@4.0.0 want: ^4.0.0
945 silly placeDep node_modules/@deveco/deveco-code @types/mdast@4.0.4 OK for: mdast-util-to-string@4.0.0 want: ^4.0.0
946 silly fetch manifest @types/unist@*
947 silly packumentCache full:https://registry.npmmirror.com/@types%2funist cache-hit
948 silly placeDep node_modules/@deveco/deveco-code @types/unist@3.0.3 OK for: @types/mdast@4.0.4 want: *
949 silly placeDep node_modules/@deveco/deveco-code mime-db@1.54.0 OK for: mime-types@3.0.2 want: ^1.54.0
950 silly placeDep node_modules/@deveco/deveco-code/node_modules/negotiator content-type@2.1.0 OK for: negotiator@1.1.0 want: ^2.1.0
951 silly placeDep node_modules/@deveco/deveco-code/node_modules/npm-run-path path-key@4.0.0 OK for: npm-run-path@6.0.0 want: ^4.0.0
952 silly placeDep node_modules/@deveco/deveco-code unicorn-magic@0.3.0 OK for: npm-run-path@6.0.0 want: ^0.3.0
953 silly placeDep node_modules/@deveco/deveco-code ee-first@1.1.1 OK for: on-finished@2.4.1 want: 1.1.1
954 silly placeDep node_modules/@deveco/deveco-code wrappy@1.0.2 OK for: once@1.4.0 want: 1
955 silly placeDep node_modules/@deveco/deveco-code chalk@5.6.2 OK for: ora@9.4.1 want: ^5.6.2
956 silly placeDep node_modules/@deveco/deveco-code cli-cursor@5.0.0 OK for: ora@9.4.1 want: ^5.0.0
957 silly placeDep node_modules/@deveco/deveco-code cli-spinners@3.4.0 OK for: ora@9.4.1 want: ^3.2.0
958 silly placeDep node_modules/@deveco/deveco-code is-interactive@2.0.0 OK for: ora@9.4.1 want: ^2.0.0
959 silly placeDep node_modules/@deveco/deveco-code log-symbols@7.0.1 OK for: ora@9.4.1 want: ^7.0.1
960 silly placeDep node_modules/@deveco/deveco-code stdin-discarder@0.3.2 OK for: ora@9.4.1 want: ^0.3.2
961 silly placeDep node_modules/@deveco/deveco-code string-width@8.2.2 OK for: ora@9.4.1 want: ^8.1.0
962 silly fetch manifest restore-cursor@^5.0.0
963 silly packumentCache full:https://registry.npmmirror.com/restore-cursor cache-miss
964 silly fetch manifest get-east-asian-width@^1.5.0
965 silly packumentCache full:https://registry.npmmirror.com/get-east-asian-width cache-miss
966 silly fetch manifest strip-ansi@^7.1.2
967 silly packumentCache full:https://registry.npmmirror.com/strip-ansi cache-miss
968 http fetch GET 200 https://registry.npmmirror.com/strip-ansi 53ms (cache miss)
969 silly packumentCache full:https://registry.npmmirror.com/strip-ansi set size:8259 disposed:false
970 http fetch GET 200 https://registry.npmmirror.com/restore-cursor 55ms (cache miss)
971 silly packumentCache full:https://registry.npmmirror.com/restore-cursor set size:3681 disposed:false
972 http fetch GET 200 https://registry.npmmirror.com/get-east-asian-width 56ms (cache miss)
973 silly packumentCache full:https://registry.npmmirror.com/get-east-asian-width set size:5427 disposed:false
974 silly placeDep node_modules/@deveco/deveco-code restore-cursor@5.1.0 OK for: cli-cursor@5.0.0 want: ^5.0.0
975 silly fetch manifest onetime@^7.0.0
976 silly packumentCache full:https://registry.npmmirror.com/onetime cache-miss
977 http fetch GET 200 https://registry.npmmirror.com/onetime 48ms (cache miss)
978 silly packumentCache full:https://registry.npmmirror.com/onetime set size:6018 disposed:false
979 silly placeDep node_modules/@deveco/deveco-code yocto-queue@1.2.2 OK for: p-limit@5.0.0 want: ^1.0.0
980 silly placeDep node_modules/@deveco/deveco-code parse-ms@4.0.0 OK for: pretty-ms@9.3.1 want: ^4.0.0
981 silly placeDep node_modules/@deveco/deveco-code retry@0.12.0 OK for: proper-lockfile@4.1.2 want: ^0.12.0
982 silly placeDep node_modules/@deveco/deveco-code/node_modules/proper-lockfile signal-exit@3.0.7 OK for: proper-lockfile@4.1.2 want: ^3.0.2
983 silly placeDep node_modules/@deveco/deveco-code forwarded@0.2.0 OK for: proxy-addr@2.0.8 want: 0.2.0
984 silly placeDep node_modules/@deveco/deveco-code ipaddr.js@1.9.1 OK for: proxy-addr@2.0.8 want: 1.9.1
985 silly placeDep node_modules/@deveco/deveco-code side-channel@1.1.1 OK for: qs@6.16.0 want: ^1.1.1
986 silly fetch manifest object-inspect@^1.13.4
987 silly packumentCache full:https://registry.npmmirror.com/object-inspect cache-miss
988 silly fetch manifest side-channel-list@^1.0.1
989 silly packumentCache full:https://registry.npmmirror.com/side-channel-list cache-miss
990 silly fetch manifest side-channel-map@^1.0.1
991 silly packumentCache full:https://registry.npmmirror.com/side-channel-map cache-miss
992 silly fetch manifest side-channel-weakmap@^1.0.2
993 silly packumentCache full:https://registry.npmmirror.com/side-channel-weakmap cache-miss
994 http fetch GET 200 https://registry.npmmirror.com/side-channel-map 37ms (cache miss)
995 silly packumentCache full:https://registry.npmmirror.com/side-channel-map set size:3039 disposed:false
996 http fetch GET 200 https://registry.npmmirror.com/side-channel-weakmap 38ms (cache miss)
997 silly packumentCache full:https://registry.npmmirror.com/side-channel-weakmap set size:3754 disposed:false
998 http fetch GET 200 https://registry.npmmirror.com/object-inspect 46ms (cache miss)
999 silly packumentCache full:https://registry.npmmirror.com/object-inspect set size:19266 disposed:false
1000 http fetch GET 200 https://registry.npmmirror.com/side-channel-list 53ms (cache miss)
1001 silly packumentCache full:https://registry.npmmirror.com/side-channel-list set size:3117 disposed:false
1002 silly placeDep node_modules/@deveco/deveco-code unpipe@1.0.0 OK for: raw-body@3.0.2 want: ~1.0.0
1003 silly placeDep node_modules/@deveco/deveco-code if-async@3.7.4 OK for: regedit@5.1.4 want: ^3.7.4
1004 silly placeDep node_modules/@deveco/deveco-code stream-slicer@0.0.6 OK for: regedit@5.1.4 want: 0.0.6
1005 silly placeDep node_modules/@deveco/deveco-code through2@0.6.5 OK for: regedit@5.1.4 want: ^0.6.3
1006 silly fetch manifest readable-stream@>=1.0.33-1 <1.1.0-0
1007 silly packumentCache full:https://registry.npmmirror.com/readable-stream cache-miss
1008 silly fetch manifest xtend@>=4.0.0 <4.1.0-0
1009 silly packumentCache full:https://registry.npmmirror.com/xtend cache-miss
1010 http fetch GET 200 https://registry.npmmirror.com/xtend 63ms (cache miss)
1011 silly packumentCache full:https://registry.npmmirror.com/xtend set size:5032 disposed:false
1012 http fetch GET 200 https://registry.npmmirror.com/readable-stream 64ms (cache miss)
1013 silly packumentCache full:https://registry.npmmirror.com/readable-stream set size:40678 disposed:false
1014 silly placeDep node_modules/@deveco/deveco-code mdast-util-gfm@3.1.0 OK for: remark-gfm@4.0.1 want: ^3.0.0
1015 silly placeDep node_modules/@deveco/deveco-code micromark-extension-gfm@3.0.0 OK for: remark-gfm@4.0.1 want: ^3.0.0
1016 silly placeDep node_modules/@deveco/deveco-code remark-stringify@11.0.0 OK for: remark-gfm@4.0.1 want: ^11.0.0
1017 silly fetch manifest mdast-util-gfm-autolink-literal@^2.0.0
1018 silly packumentCache full:https://registry.npmmirror.com/mdast-util-gfm-autolink-literal cache-miss
1019 silly fetch manifest mdast-util-gfm-footnote@^2.0.0
1020 silly packumentCache full:https://registry.npmmirror.com/mdast-util-gfm-footnote cache-miss
1021 silly fetch manifest mdast-util-gfm-strikethrough@^2.0.0
1022 silly packumentCache full:https://registry.npmmirror.com/mdast-util-gfm-strikethrough cache-miss
1023 silly fetch manifest mdast-util-gfm-table@^2.0.0
1024 silly packumentCache full:https://registry.npmmirror.com/mdast-util-gfm-table cache-miss
1025 silly fetch manifest mdast-util-gfm-task-list-item@^2.0.0
1026 silly packumentCache full:https://registry.npmmirror.com/mdast-util-gfm-task-list-item cache-miss
1027 silly fetch manifest mdast-util-to-markdown@^2.0.0
1028 silly packumentCache full:https://registry.npmmirror.com/mdast-util-to-markdown cache-miss
1029 silly fetch manifest micromark-extension-gfm-autolink-literal@^2.0.0
1030 silly packumentCache full:https://registry.npmmirror.com/micromark-extension-gfm-autolink-literal cache-miss
1031 silly fetch manifest micromark-extension-gfm-footnote@^2.0.0
1032 silly packumentCache full:https://registry.npmmirror.com/micromark-extension-gfm-footnote cache-miss
1033 silly fetch manifest micromark-extension-gfm-strikethrough@^2.0.0
1034 silly packumentCache full:https://registry.npmmirror.com/micromark-extension-gfm-strikethrough cache-miss
1035 silly fetch manifest micromark-extension-gfm-table@^2.0.0
1036 silly packumentCache full:https://registry.npmmirror.com/micromark-extension-gfm-table cache-miss
1037 silly fetch manifest micromark-extension-gfm-tagfilter@^2.0.0
1038 silly packumentCache full:https://registry.npmmirror.com/micromark-extension-gfm-tagfilter cache-miss
1039 silly fetch manifest micromark-extension-gfm-task-list-item@^2.0.0
1040 silly packumentCache full:https://registry.npmmirror.com/micromark-extension-gfm-task-list-item cache-miss
1041 silly fetch manifest micromark-util-combine-extensions@^2.0.0
1042 silly packumentCache full:https://registry.npmmirror.com/micromark-util-combine-extensions cache-miss
1043 silly fetch manifest mdast-util-to-markdown@^2.0.0
1044 silly packumentCache full:https://registry.npmmirror.com/mdast-util-to-markdown cache-miss
1045 http fetch GET 200 https://registry.npmmirror.com/mdast-util-gfm-autolink-literal 74ms (cache miss)
1046 silly packumentCache full:https://registry.npmmirror.com/mdast-util-gfm-autolink-literal set size:9800 disposed:false
1047 http fetch GET 200 https://registry.npmmirror.com/micromark-extension-gfm-task-list-item 89ms (cache miss)
1048 silly packumentCache full:https://registry.npmmirror.com/micromark-extension-gfm-task-list-item set size:12262 disposed:false
1049 http fetch GET 200 https://registry.npmmirror.com/micromark-extension-gfm-footnote 91ms (cache miss)
1050 silly packumentCache full:https://registry.npmmirror.com/micromark-extension-gfm-footnote set size:16201 disposed:false
1051 http fetch GET 200 https://registry.npmmirror.com/mdast-util-gfm-footnote 92ms (cache miss)
1052 silly packumentCache full:https://registry.npmmirror.com/mdast-util-gfm-footnote set size:9759 disposed:false
1053 http fetch GET 200 https://registry.npmmirror.com/micromark-extension-gfm-tagfilter 92ms (cache miss)
1054 silly packumentCache full:https://registry.npmmirror.com/micromark-extension-gfm-tagfilter set size:8011 disposed:false
1055 http fetch GET 200 https://registry.npmmirror.com/micromark-extension-gfm-autolink-literal 94ms (cache miss)
1056 silly packumentCache full:https://registry.npmmirror.com/micromark-extension-gfm-autolink-literal set size:15762 disposed:false
1057 http fetch GET 200 https://registry.npmmirror.com/micromark-util-combine-extensions 94ms (cache miss)
1058 silly packumentCache full:https://registry.npmmirror.com/micromark-util-combine-extensions set size:5538 disposed:false
1059 http fetch GET 200 https://registry.npmmirror.com/mdast-util-gfm-table 97ms (cache miss)
1060 silly packumentCache full:https://registry.npmmirror.com/mdast-util-gfm-table set size:16951 disposed:false
1061 http fetch GET 200 https://registry.npmmirror.com/mdast-util-gfm-strikethrough 98ms (cache miss)
1062 silly packumentCache full:https://registry.npmmirror.com/mdast-util-gfm-strikethrough set size:10739 disposed:false
1063 http fetch GET 200 https://registry.npmmirror.com/mdast-util-gfm-task-list-item 98ms (cache miss)
1064 silly packumentCache full:https://registry.npmmirror.com/mdast-util-gfm-task-list-item set size:10163 disposed:false
1065 http fetch GET 200 https://registry.npmmirror.com/micromark-extension-gfm-strikethrough 99ms (cache miss)
1066 silly packumentCache full:https://registry.npmmirror.com/micromark-extension-gfm-strikethrough set size:14145 disposed:false
1067 http fetch GET 200 https://registry.npmmirror.com/micromark-extension-gfm-table 101ms (cache miss)
1068 silly packumentCache full:https://registry.npmmirror.com/micromark-extension-gfm-table set size:16819 disposed:false
1069 http fetch GET 200 https://registry.npmmirror.com/mdast-util-to-markdown 108ms (cache miss)
1070 silly packumentCache full:https://registry.npmmirror.com/mdast-util-to-markdown set size:28103 disposed:false
1071 http fetch GET 200 https://registry.npmmirror.com/mdast-util-to-markdown 119ms (cache miss)
1072 silly packumentCache full:https://registry.npmmirror.com/mdast-util-to-markdown set size:28103 disposed:false
1073 silly packumentCache full:https://registry.npmmirror.com/mdast-util-to-markdown dispose
1074 silly placeDep node_modules/@deveco/deveco-code mdast-util-from-markdown@2.0.3 OK for: mdast-util-gfm@3.1.0 want: ^2.0.0
1075 silly placeDep node_modules/@deveco/deveco-code mdast-util-gfm-autolink-literal@2.0.1 OK for: mdast-util-gfm@3.1.0 want: ^2.0.0
1076 silly placeDep node_modules/@deveco/deveco-code mdast-util-gfm-footnote@2.1.0 OK for: mdast-util-gfm@3.1.0 want: ^2.0.0
1077 silly placeDep node_modules/@deveco/deveco-code mdast-util-gfm-strikethrough@2.0.0 OK for: mdast-util-gfm@3.1.0 want: ^2.0.0
1078 silly placeDep node_modules/@deveco/deveco-code mdast-util-gfm-table@2.0.0 OK for: mdast-util-gfm@3.1.0 want: ^2.0.0
1079 silly placeDep node_modules/@deveco/deveco-code mdast-util-gfm-task-list-item@2.0.0 OK for: mdast-util-gfm@3.1.0 want: ^2.0.0
1080 silly placeDep node_modules/@deveco/deveco-code mdast-util-to-markdown@2.1.2 OK for: mdast-util-gfm@3.1.0 want: ^2.0.0
1081 silly fetch manifest decode-named-character-reference@^1.0.0
1082 silly packumentCache full:https://registry.npmmirror.com/decode-named-character-reference cache-miss
1083 silly fetch manifest micromark@^4.0.0
1084 silly packumentCache full:https://registry.npmmirror.com/micromark cache-miss
1085 silly fetch manifest micromark-util-decode-numeric-character-reference@^2.0.0
1086 silly packumentCache full:https://registry.npmmirror.com/micromark-util-decode-numeric-character-reference cache-miss
1087 silly fetch manifest micromark-util-decode-string@^2.0.0
1088 silly packumentCache full:https://registry.npmmirror.com/micromark-util-decode-string cache-miss
1089 silly fetch manifest micromark-util-normalize-identifier@^2.0.0
1090 silly packumentCache full:https://registry.npmmirror.com/micromark-util-normalize-identifier cache-miss
1091 silly fetch manifest micromark-util-symbol@^2.0.0
1092 silly packumentCache full:https://registry.npmmirror.com/micromark-util-symbol cache-miss
1093 silly fetch manifest unist-util-stringify-position@^4.0.0
1094 silly packumentCache full:https://registry.npmmirror.com/unist-util-stringify-position cache-miss
1095 silly fetch manifest ccount@^2.0.0
1096 silly packumentCache full:https://registry.npmmirror.com/ccount cache-miss
1097 silly fetch manifest mdast-util-find-and-replace@^3.0.0
1098 silly packumentCache full:https://registry.npmmirror.com/mdast-util-find-and-replace cache-miss
1099 silly fetch manifest micromark-util-character@^2.0.0
1100 silly packumentCache full:https://registry.npmmirror.com/micromark-util-character cache-miss
1101 silly fetch manifest devlop@^1.1.0
1102 silly packumentCache full:https://registry.npmmirror.com/devlop cache-hit
1103 silly fetch manifest micromark-util-normalize-identifier@^2.0.0
1104 silly packumentCache full:https://registry.npmmirror.com/micromark-util-normalize-identifier cache-miss
1105 silly fetch manifest markdown-table@^3.0.0
1106 silly packumentCache full:https://registry.npmmirror.com/markdown-table cache-miss
1107 silly fetch manifest longest-streak@^3.0.0
1108 silly packumentCache full:https://registry.npmmirror.com/longest-streak cache-miss
1109 silly fetch manifest mdast-util-phrasing@^4.0.0
1110 silly packumentCache full:https://registry.npmmirror.com/mdast-util-phrasing cache-miss
1111 silly fetch manifest micromark-util-classify-character@^2.0.0
1112 silly packumentCache full:https://registry.npmmirror.com/micromark-util-classify-character cache-miss
1113 http fetch GET 200 https://registry.npmmirror.com/ccount 61ms (cache miss)
1114 silly packumentCache full:https://registry.npmmirror.com/ccount set size:6405 disposed:false
1115 silly fetch manifest micromark-util-decode-string@^2.0.0
1116 silly packumentCache full:https://registry.npmmirror.com/micromark-util-decode-string cache-miss
1117 http fetch GET 200 https://registry.npmmirror.com/unist-util-stringify-position 62ms (cache miss)
1118 silly packumentCache full:https://registry.npmmirror.com/unist-util-stringify-position set size:11357 disposed:false
1119 silly fetch manifest unist-util-visit@^5.0.0
1120 silly packumentCache full:https://registry.npmmirror.com/unist-util-visit cache-miss
1121 http fetch GET 200 https://registry.npmmirror.com/decode-named-character-reference 66ms (cache miss)
1122 silly packumentCache full:https://registry.npmmirror.com/decode-named-character-reference set size:7152 disposed:false
1123 silly fetch manifest zwitch@^2.0.0
1124 silly packumentCache full:https://registry.npmmirror.com/zwitch cache-miss
1125 http fetch GET 200 https://registry.npmmirror.com/mdast-util-find-and-replace 65ms (cache miss)
1126 silly packumentCache full:https://registry.npmmirror.com/mdast-util-find-and-replace set size:12052 disposed:false
1127 http fetch GET 200 https://registry.npmmirror.com/markdown-table 63ms (cache miss)
1128 silly packumentCache full:https://registry.npmmirror.com/markdown-table set size:13435 disposed:false
1129 http fetch GET 200 https://registry.npmmirror.com/micromark 68ms (cache miss)
1130 silly packumentCache full:https://registry.npmmirror.com/micromark set size:29270 disposed:false
1131 http fetch GET 200 https://registry.npmmirror.com/micromark-util-decode-numeric-character-reference 81ms (cache miss)
1132 silly packumentCache full:https://registry.npmmirror.com/micromark-util-decode-numeric-character-reference set size:5133 disposed:false
1133 http fetch GET 200 https://registry.npmmirror.com/micromark-util-symbol 91ms (cache miss)
1134 silly packumentCache full:https://registry.npmmirror.com/micromark-util-symbol set size:6305 disposed:false
1135 http fetch GET 200 https://registry.npmmirror.com/micromark-util-normalize-identifier 94ms (cache miss)
1136 silly packumentCache full:https://registry.npmmirror.com/micromark-util-normalize-identifier set size:5633 disposed:false
1137 http fetch GET 200 https://registry.npmmirror.com/micromark-util-classify-character 90ms (cache miss)
1138 silly packumentCache full:https://registry.npmmirror.com/micromark-util-classify-character set size:5705 disposed:false
1139 http fetch GET 200 https://registry.npmmirror.com/micromark-util-normalize-identifier 92ms (cache miss)
1140 silly packumentCache full:https://registry.npmmirror.com/micromark-util-normalize-identifier set size:5633 disposed:false
1141 silly packumentCache full:https://registry.npmmirror.com/micromark-util-normalize-identifier dispose
1142 http fetch GET 200 https://registry.npmmirror.com/micromark-util-decode-string 97ms (cache miss)
1143 silly packumentCache full:https://registry.npmmirror.com/micromark-util-decode-string set size:5723 disposed:false
1144 http fetch GET 200 https://registry.npmmirror.com/mdast-util-phrasing 92ms (cache miss)
1145 silly packumentCache full:https://registry.npmmirror.com/mdast-util-phrasing set size:7944 disposed:false
1146 http fetch GET 200 https://registry.npmmirror.com/micromark-util-decode-string 56ms (cache miss)
1147 silly packumentCache full:https://registry.npmmirror.com/micromark-util-decode-string set size:5723 disposed:false
1148 silly packumentCache full:https://registry.npmmirror.com/micromark-util-decode-string dispose
1149 http fetch GET 200 https://registry.npmmirror.com/zwitch 58ms (cache miss)
1150 silly packumentCache full:https://registry.npmmirror.com/zwitch set size:8964 disposed:false
1151 http fetch GET 200 https://registry.npmmirror.com/unist-util-visit 75ms (cache miss)
1152 silly packumentCache full:https://registry.npmmirror.com/unist-util-visit set size:16633 disposed:false
1153 http fetch GET 200 https://registry.npmmirror.com/longest-streak 140ms (cache miss)
1154 silly packumentCache full:https://registry.npmmirror.com/longest-streak set size:7358 disposed:false
1155 http fetch GET 200 https://registry.npmmirror.com/micromark-util-character 175ms (cache miss)
1156 silly packumentCache full:https://registry.npmmirror.com/micromark-util-character set size:8251 disposed:false
1157 silly placeDep node_modules/@deveco/deveco-code decode-named-character-reference@1.3.0 OK for: mdast-util-from-markdown@2.0.3 want: ^1.0.0
1158 silly placeDep node_modules/@deveco/deveco-code devlop@1.1.0 OK for: mdast-util-from-markdown@2.0.3 want: ^1.0.0
1159 silly placeDep node_modules/@deveco/deveco-code micromark@4.0.2 OK for: mdast-util-from-markdown@2.0.3 want: ^4.0.0
1160 silly placeDep node_modules/@deveco/deveco-code micromark-util-decode-numeric-character-reference@2.0.2 OK for: mdast-util-from-markdown@2.0.3 want: ^2.0.0
1161 silly placeDep node_modules/@deveco/deveco-code micromark-util-decode-string@2.0.1 OK for: mdast-util-from-markdown@2.0.3 want: ^2.0.0
1162 silly placeDep node_modules/@deveco/deveco-code micromark-util-normalize-identifier@2.0.1 OK for: mdast-util-from-markdown@2.0.3 want: ^2.0.0
1163 silly placeDep node_modules/@deveco/deveco-code micromark-util-symbol@2.0.1 OK for: mdast-util-from-markdown@2.0.3 want: ^2.0.0
1164 silly placeDep node_modules/@deveco/deveco-code micromark-util-types@2.0.2 OK for: mdast-util-from-markdown@2.0.3 want: ^2.0.0
1165 silly placeDep node_modules/@deveco/deveco-code unist-util-stringify-position@4.0.0 OK for: mdast-util-from-markdown@2.0.3 want: ^4.0.0
1166 silly fetch manifest character-entities@^2.0.0
1167 silly packumentCache full:https://registry.npmmirror.com/character-entities cache-miss
1168 silly fetch manifest dequal@^2.0.0
1169 silly packumentCache full:https://registry.npmmirror.com/dequal cache-miss
1170 silly fetch manifest @types/debug@^4.0.0
1171 silly packumentCache full:https://registry.npmmirror.com/@types%2fdebug cache-miss
1172 silly fetch manifest micromark-core-commonmark@^2.0.0
1173 silly packumentCache full:https://registry.npmmirror.com/micromark-core-commonmark cache-miss
1174 silly fetch manifest micromark-factory-space@^2.0.0
1175 silly packumentCache full:https://registry.npmmirror.com/micromark-factory-space cache-miss
1176 silly fetch manifest micromark-util-chunked@^2.0.0
1177 silly packumentCache full:https://registry.npmmirror.com/micromark-util-chunked cache-miss
1178 silly fetch manifest micromark-util-encode@^2.0.0
1179 silly packumentCache full:https://registry.npmmirror.com/micromark-util-encode cache-miss
1180 silly fetch manifest micromark-util-resolve-all@^2.0.0
1181 silly packumentCache full:https://registry.npmmirror.com/micromark-util-resolve-all cache-miss
1182 silly fetch manifest micromark-util-sanitize-uri@^2.0.0
1183 silly packumentCache full:https://registry.npmmirror.com/micromark-util-sanitize-uri cache-miss
1184 silly fetch manifest micromark-util-subtokenize@^2.0.0
1185 silly packumentCache full:https://registry.npmmirror.com/micromark-util-subtokenize cache-miss
1186 http fetch GET 200 https://registry.npmmirror.com/character-entities 59ms (cache miss)
1187 silly packumentCache full:https://registry.npmmirror.com/character-entities set size:7960 disposed:false
1188 http fetch GET 200 https://registry.npmmirror.com/dequal 59ms (cache miss)
1189 silly packumentCache full:https://registry.npmmirror.com/dequal set size:5565 disposed:false
1190 http fetch GET 200 https://registry.npmmirror.com/micromark-util-sanitize-uri 93ms (cache miss)
1191 silly packumentCache full:https://registry.npmmirror.com/micromark-util-sanitize-uri set size:7070 disposed:false
1192 http fetch GET 200 https://registry.npmmirror.com/micromark-util-encode 98ms (cache miss)
1193 silly packumentCache full:https://registry.npmmirror.com/micromark-util-encode set size:6206 disposed:false
1194 http fetch GET 200 https://registry.npmmirror.com/micromark-factory-space 100ms (cache miss)
1195 silly packumentCache full:https://registry.npmmirror.com/micromark-factory-space set size:5930 disposed:false
1196 http fetch GET 200 https://registry.npmmirror.com/micromark-core-commonmark 101ms (cache miss)
1197 silly packumentCache full:https://registry.npmmirror.com/micromark-core-commonmark set size:10149 disposed:false
1198 http fetch GET 200 https://registry.npmmirror.com/micromark-util-resolve-all 102ms (cache miss)
1199 silly packumentCache full:https://registry.npmmirror.com/micromark-util-resolve-all set size:5890 disposed:false
1200 http fetch GET 200 https://registry.npmmirror.com/micromark-util-subtokenize 107ms (cache miss)
1201 silly packumentCache full:https://registry.npmmirror.com/micromark-util-subtokenize set size:7574 disposed:false
1202 http fetch GET 200 https://registry.npmmirror.com/@types%2fdebug 118ms (cache miss)
1203 silly packumentCache full:https://registry.npmmirror.com/@types%2fdebug set size:10176 disposed:false
1204 http fetch GET 200 https://registry.npmmirror.com/micromark-util-chunked 142ms (cache miss)
1205 silly packumentCache full:https://registry.npmmirror.com/micromark-util-chunked set size:5742 disposed:false
1206 silly placeDep node_modules/@deveco/deveco-code character-entities@2.0.2 OK for: decode-named-character-reference@1.3.0 want: ^2.0.0
1207 silly placeDep node_modules/@deveco/deveco-code dequal@2.0.3 OK for: devlop@1.1.0 want: ^2.0.0
1208 silly placeDep node_modules/@deveco/deveco-code ccount@2.0.1 OK for: mdast-util-gfm-autolink-literal@2.0.1 want: ^2.0.0
1209 silly placeDep node_modules/@deveco/deveco-code mdast-util-find-and-replace@3.0.2 OK for: mdast-util-gfm-autolink-literal@2.0.1 want: ^3.0.0
1210 silly placeDep node_modules/@deveco/deveco-code micromark-util-character@2.1.1 OK for: mdast-util-gfm-autolink-literal@2.0.1 want: ^2.0.0
1211 silly fetch manifest escape-string-regexp@^5.0.0
1212 silly packumentCache full:https://registry.npmmirror.com/escape-string-regexp cache-hit
1213 silly fetch manifest unist-util-is@^6.0.0
1214 silly packumentCache full:https://registry.npmmirror.com/unist-util-is cache-miss
1215 silly fetch manifest unist-util-visit-parents@^6.0.0
1216 silly packumentCache full:https://registry.npmmirror.com/unist-util-visit-parents cache-miss
1217 http fetch GET 200 https://registry.npmmirror.com/unist-util-is 55ms (cache miss)
1218 silly packumentCache full:https://registry.npmmirror.com/unist-util-is set size:15246 disposed:false
1219 http fetch GET 200 https://registry.npmmirror.com/unist-util-visit-parents 66ms (cache miss)
1220 silly packumentCache full:https://registry.npmmirror.com/unist-util-visit-parents set size:18513 disposed:false
1221 silly placeDep node_modules/@deveco/deveco-code/node_modules/mdast-util-find-and-replace escape-string-regexp@5.0.0 OK for: mdast-util-find-and-replace@3.0.2 want: ^5.0.0
1222 silly placeDep node_modules/@deveco/deveco-code unist-util-is@6.0.1 OK for: mdast-util-find-and-replace@3.0.2 want: ^6.0.0
1223 silly placeDep node_modules/@deveco/deveco-code unist-util-visit-parents@6.0.2 OK for: mdast-util-find-and-replace@3.0.2 want: ^6.0.0
1224 silly placeDep node_modules/@deveco/deveco-code markdown-table@3.0.4 OK for: mdast-util-gfm-table@2.0.0 want: ^3.0.0
1225 silly placeDep node_modules/@deveco/deveco-code longest-streak@3.1.0 OK for: mdast-util-to-markdown@2.1.2 want: ^3.0.0
1226 silly placeDep node_modules/@deveco/deveco-code mdast-util-phrasing@4.1.0 OK for: mdast-util-to-markdown@2.1.2 want: ^4.0.0
1227 silly placeDep node_modules/@deveco/deveco-code micromark-util-classify-character@2.0.1 OK for: mdast-util-to-markdown@2.1.2 want: ^2.0.0
1228 silly placeDep node_modules/@deveco/deveco-code unist-util-visit@5.1.0 OK for: mdast-util-to-markdown@2.1.2 want: ^5.0.0
1229 silly placeDep node_modules/@deveco/deveco-code zwitch@2.0.4 OK for: mdast-util-to-markdown@2.1.2 want: ^2.0.0
1230 silly placeDep node_modules/@deveco/deveco-code @types/debug@4.1.13 OK for: micromark@4.0.2 want: ^4.0.0
1231 silly placeDep node_modules/@deveco/deveco-code micromark-core-commonmark@2.0.3 OK for: micromark@4.0.2 want: ^2.0.0
1232 silly placeDep node_modules/@deveco/deveco-code micromark-factory-space@2.0.1 OK for: micromark@4.0.2 want: ^2.0.0
1233 silly placeDep node_modules/@deveco/deveco-code micromark-util-chunked@2.0.1 OK for: micromark@4.0.2 want: ^2.0.0
1234 silly placeDep node_modules/@deveco/deveco-code micromark-util-combine-extensions@2.0.1 OK for: micromark@4.0.2 want: ^2.0.0
1235 silly placeDep node_modules/@deveco/deveco-code micromark-util-encode@2.0.1 OK for: micromark@4.0.2 want: ^2.0.0
1236 silly placeDep node_modules/@deveco/deveco-code micromark-util-resolve-all@2.0.1 OK for: micromark@4.0.2 want: ^2.0.0
1237 silly placeDep node_modules/@deveco/deveco-code micromark-util-sanitize-uri@2.0.1 OK for: micromark@4.0.2 want: ^2.0.0
1238 silly placeDep node_modules/@deveco/deveco-code micromark-util-subtokenize@2.1.0 OK for: micromark@4.0.2 want: ^2.0.0
1239 silly fetch manifest @types/ms@*
1240 silly packumentCache full:https://registry.npmmirror.com/@types%2fms cache-miss
1241 silly fetch manifest micromark-factory-destination@^2.0.0
1242 silly packumentCache full:https://registry.npmmirror.com/micromark-factory-destination cache-miss
1243 silly fetch manifest micromark-factory-label@^2.0.0
1244 silly packumentCache full:https://registry.npmmirror.com/micromark-factory-label cache-miss
1245 silly fetch manifest micromark-factory-title@^2.0.0
1246 silly packumentCache full:https://registry.npmmirror.com/micromark-factory-title cache-miss
1247 silly fetch manifest micromark-factory-whitespace@^2.0.0
1248 silly packumentCache full:https://registry.npmmirror.com/micromark-factory-whitespace cache-miss
1249 silly fetch manifest micromark-util-html-tag-name@^2.0.0
1250 silly packumentCache full:https://registry.npmmirror.com/micromark-util-html-tag-name cache-miss
1251 http fetch GET 200 https://registry.npmmirror.com/@types%2fms 50ms (cache miss)
1252 silly packumentCache full:https://registry.npmmirror.com/@types%2fms set size:6494 disposed:false
1253 http fetch GET 200 https://registry.npmmirror.com/micromark-factory-whitespace 82ms (cache miss)
1254 silly packumentCache full:https://registry.npmmirror.com/micromark-factory-whitespace set size:5742 disposed:false
1255 http fetch GET 200 https://registry.npmmirror.com/micromark-factory-label 89ms (cache miss)
1256 silly packumentCache full:https://registry.npmmirror.com/micromark-factory-label set size:6381 disposed:false
1257 http fetch GET 200 https://registry.npmmirror.com/micromark-factory-title 94ms (cache miss)
1258 silly packumentCache full:https://registry.npmmirror.com/micromark-factory-title set size:6376 disposed:false
1259 http fetch GET 200 https://registry.npmmirror.com/micromark-factory-destination 97ms (cache miss)
1260 silly packumentCache full:https://registry.npmmirror.com/micromark-factory-destination set size:5800 disposed:false
1261 http fetch GET 200 https://registry.npmmirror.com/micromark-util-html-tag-name 96ms (cache miss)
1262 silly packumentCache full:https://registry.npmmirror.com/micromark-util-html-tag-name set size:6623 disposed:false
1263 silly placeDep node_modules/@deveco/deveco-code @types/ms@2.1.0 OK for: @types/debug@4.1.13 want: *
1264 silly placeDep node_modules/@deveco/deveco-code micromark-factory-destination@2.0.1 OK for: micromark-core-commonmark@2.0.3 want: ^2.0.0
1265 silly placeDep node_modules/@deveco/deveco-code micromark-factory-label@2.0.1 OK for: micromark-core-commonmark@2.0.3 want: ^2.0.0
1266 silly placeDep node_modules/@deveco/deveco-code micromark-factory-title@2.0.1 OK for: micromark-core-commonmark@2.0.3 want: ^2.0.0
1267 silly placeDep node_modules/@deveco/deveco-code micromark-factory-whitespace@2.0.1 OK for: micromark-core-commonmark@2.0.3 want: ^2.0.0
1268 silly placeDep node_modules/@deveco/deveco-code micromark-util-html-tag-name@2.0.1 OK for: micromark-core-commonmark@2.0.3 want: ^2.0.0
1269 silly placeDep node_modules/@deveco/deveco-code micromark-extension-gfm-autolink-literal@2.1.0 OK for: micromark-extension-gfm@3.0.0 want: ^2.0.0
1270 silly placeDep node_modules/@deveco/deveco-code micromark-extension-gfm-footnote@2.1.0 OK for: micromark-extension-gfm@3.0.0 want: ^2.0.0
1271 silly placeDep node_modules/@deveco/deveco-code micromark-extension-gfm-strikethrough@2.1.0 OK for: micromark-extension-gfm@3.0.0 want: ^2.0.0
1272 silly placeDep node_modules/@deveco/deveco-code micromark-extension-gfm-table@2.1.2 OK for: micromark-extension-gfm@3.0.0 want: ^2.0.0
1273 silly placeDep node_modules/@deveco/deveco-code micromark-extension-gfm-tagfilter@2.0.0 OK for: micromark-extension-gfm@3.0.0 want: ^2.0.0
1274 silly placeDep node_modules/@deveco/deveco-code micromark-extension-gfm-task-list-item@2.1.0 OK for: micromark-extension-gfm@3.0.0 want: ^2.0.0
1275 silly placeDep node_modules/@deveco/deveco-code onetime@7.0.0 OK for: restore-cursor@5.1.0 want: ^7.0.0
1276 silly fetch manifest mimic-function@^5.0.0
1277 silly packumentCache full:https://registry.npmmirror.com/mimic-function cache-miss
1278 http fetch GET 200 https://registry.npmmirror.com/mimic-function 58ms (cache miss)
1279 silly packumentCache full:https://registry.npmmirror.com/mimic-function set size:2460 disposed:false
1280 silly placeDep node_modules/@deveco/deveco-code mimic-function@5.0.1 OK for: onetime@7.0.0 want: ^5.0.0
1281 silly placeDep node_modules/@deveco/deveco-code is-promise@4.0.0 OK for: router@2.2.0 want: ^4.0.0
1282 silly placeDep node_modules/@deveco/deveco-code path-to-regexp@8.4.2 OK for: router@2.2.0 want: ^8.0.0
1283 silly placeDep node_modules/@deveco/deveco-code type-fest@0.20.2 OK for: serialize-error@8.1.0 want: ^0.20.2
1284 silly placeDep node_modules/@deveco/deveco-code shebang-regex@3.0.0 OK for: shebang-command@2.0.0 want: ^3.0.0
1285 silly placeDep node_modules/@deveco/deveco-code object-inspect@1.13.4 OK for: side-channel@1.1.1 want: ^1.13.4
1286 silly placeDep node_modules/@deveco/deveco-code side-channel-list@1.0.1 OK for: side-channel@1.1.1 want: ^1.0.1
1287 silly placeDep node_modules/@deveco/deveco-code side-channel-map@1.0.1 OK for: side-channel@1.1.1 want: ^1.0.1
1288 silly placeDep node_modules/@deveco/deveco-code side-channel-weakmap@1.0.2 OK for: side-channel@1.1.1 want: ^1.0.2
1289 silly fetch manifest call-bound@^1.0.2
1290 silly packumentCache full:https://registry.npmmirror.com/call-bound cache-miss
1291 silly fetch manifest call-bound@^1.0.2
1292 silly packumentCache full:https://registry.npmmirror.com/call-bound cache-miss
1293 http fetch GET 200 https://registry.npmmirror.com/call-bound 34ms (cache miss)
1294 silly packumentCache full:https://registry.npmmirror.com/call-bound set size:3859 disposed:false
1295 http fetch GET 200 https://registry.npmmirror.com/call-bound 37ms (cache miss)
1296 silly packumentCache full:https://registry.npmmirror.com/call-bound set size:3859 disposed:false
1297 silly packumentCache full:https://registry.npmmirror.com/call-bound dispose
1298 silly placeDep node_modules/@deveco/deveco-code call-bound@1.0.4 OK for: side-channel-map@1.0.1 want: ^1.0.2
1299 silly placeDep node_modules/@deveco/deveco-code @socket.io/component-emitter@3.1.2 OK for: socket.io-client@4.8.3 want: ~3.1.0
1300 silly placeDep node_modules/@deveco/deveco-code engine.io-client@6.6.6 OK for: socket.io-client@4.8.3 want: ~6.6.1
1301 silly placeDep node_modules/@deveco/deveco-code socket.io-parser@4.2.7 OK for: socket.io-client@4.8.3 want: ~4.2.4
1302 silly fetch manifest ws@~8.21.0
1303 silly packumentCache full:https://registry.npmmirror.com/ws cache-miss
1304 silly fetch manifest engine.io-parser@~5.2.1
1305 silly packumentCache full:https://registry.npmmirror.com/engine.io-parser cache-miss
1306 silly fetch manifest xmlhttprequest-ssl@~2.1.1
1307 silly packumentCache full:https://registry.npmmirror.com/xmlhttprequest-ssl cache-miss
1308 http fetch GET 200 https://registry.npmmirror.com/xmlhttprequest-ssl 72ms (cache miss)
1309 silly packumentCache full:https://registry.npmmirror.com/xmlhttprequest-ssl set size:9278 disposed:false
1310 http fetch GET 200 https://registry.npmmirror.com/engine.io-parser 79ms (cache miss)
1311 silly packumentCache full:https://registry.npmmirror.com/engine.io-parser set size:21805 disposed:false
1312 http fetch GET 200 https://registry.npmmirror.com/ws 112ms (cache miss)
1313 silly packumentCache full:https://registry.npmmirror.com/ws set size:98910 disposed:false
1314 silly fetch manifest bufferutil@^4.0.1
1315 silly packumentCache full:https://registry.npmmirror.com/bufferutil cache-miss
1316 http fetch GET 200 https://registry.npmmirror.com/bufferutil 40ms (cache miss)
1317 silly packumentCache full:https://registry.npmmirror.com/bufferutil set size:11555 disposed:false
1318 silly fetch manifest utf-8-validate@>=5.0.2
1319 silly packumentCache full:https://registry.npmmirror.com/utf-8-validate cache-miss
1320 http fetch GET 200 https://registry.npmmirror.com/utf-8-validate 39ms (cache miss)
1321 silly packumentCache full:https://registry.npmmirror.com/utf-8-validate set size:17221 disposed:false
1322 silly placeDep node_modules/@deveco/deveco-code engine.io-parser@5.2.3 OK for: engine.io-client@6.6.6 want: ~5.2.1
1323 silly placeDep node_modules/@deveco/deveco-code ws@8.21.3 OK for: engine.io-client@6.6.6 want: ~8.21.0
1324 silly placeDep node_modules/@deveco/deveco-code xmlhttprequest-ssl@2.1.2 OK for: engine.io-client@6.6.6 want: ~2.1.1
1325 silly placeDep node_modules/@deveco/deveco-code get-east-asian-width@1.7.0 OK for: string-width@8.2.2 want: ^1.5.0
1326 silly placeDep node_modules/@deveco/deveco-code strip-ansi@7.2.0 OK for: string-width@8.2.2 want: ^7.1.2
1327 silly fetch manifest ansi-regex@^6.2.2
1328 silly packumentCache full:https://registry.npmmirror.com/ansi-regex cache-miss
1329 http fetch GET 200 https://registry.npmmirror.com/ansi-regex 36ms (cache miss)
1330 silly packumentCache full:https://registry.npmmirror.com/ansi-regex set size:10504 disposed:false
1331 silly placeDep node_modules/@deveco/deveco-code ansi-regex@6.3.0 OK for: strip-ansi@7.2.0 want: ^6.2.2
1332 silly placeDep node_modules/@deveco/deveco-code readable-stream@1.0.34 OK for: through2@0.6.5 want: >=1.0.33-1 <1.1.0-0
1333 silly placeDep node_modules/@deveco/deveco-code xtend@4.0.2 OK for: through2@0.6.5 want: >=4.0.0 <4.1.0-0
1334 silly fetch manifest core-util-is@~1.0.0
1335 silly packumentCache full:https://registry.npmmirror.com/core-util-is cache-miss
1336 silly fetch manifest isarray@0.0.1
1337 silly packumentCache full:https://registry.npmmirror.com/isarray cache-miss
1338 silly fetch manifest string_decoder@~0.10.x
1339 silly packumentCache full:https://registry.npmmirror.com/string_decoder cache-miss
1340 http fetch GET 200 https://registry.npmmirror.com/core-util-is 29ms (cache miss)
1341 silly packumentCache full:https://registry.npmmirror.com/core-util-is set size:1796 disposed:false
1342 http fetch GET 200 https://registry.npmmirror.com/string_decoder 37ms (cache miss)
1343 silly packumentCache full:https://registry.npmmirror.com/string_decoder set size:5759 disposed:false
1344 http fetch GET 200 https://registry.npmmirror.com/isarray 40ms (cache miss)
1345 silly packumentCache full:https://registry.npmmirror.com/isarray set size:3703 disposed:false
1346 silly placeDep node_modules/@deveco/deveco-code core-util-is@1.0.3 OK for: readable-stream@1.0.34 want: ~1.0.0
1347 silly placeDep node_modules/@deveco/deveco-code isarray@0.0.1 OK for: readable-stream@1.0.34 want: 0.0.1
1348 silly placeDep node_modules/@deveco/deveco-code string_decoder@0.10.31 OK for: readable-stream@1.0.34 want: ~0.10.x
1349 silly placeDep node_modules/@deveco/deveco-code/node_modules/type-is content-type@2.1.0 OK for: type-is@2.1.0 want: ^2.0.0
1350 silly placeDep node_modules/@deveco/deveco-code media-typer@1.1.1 OK for: type-is@2.1.0 want: ^1.1.0
1351 silly placeDep node_modules/@deveco/deveco-code bail@2.0.2 OK for: unified@11.0.5 want: ^2.0.0
1352 silly placeDep node_modules/@deveco/deveco-code extend@3.0.2 OK for: unified@11.0.5 want: ^3.0.0
1353 silly placeDep node_modules/@deveco/deveco-code trough@2.2.0 OK for: unified@11.0.5 want: ^2.0.0
1354 silly placeDep node_modules/@deveco/deveco-code vfile@6.0.3 OK for: unified@11.0.5 want: ^6.0.0
1355 silly fetch manifest vfile-message@^4.0.0
1356 silly packumentCache full:https://registry.npmmirror.com/vfile-message cache-miss
1357 http fetch GET 200 https://registry.npmmirror.com/vfile-message 192ms (cache miss)
1358 silly packumentCache full:https://registry.npmmirror.com/vfile-message set size:16122 disposed:false
1359 silly placeDep node_modules/@deveco/deveco-code vfile-message@4.0.3 OK for: vfile@6.0.3 want: ^4.0.0
1360 silly placeDep node_modules/@deveco/deveco-code isexe@2.0.0 OK for: which@2.0.2 want: ^2.0.0
1361 silly placeDep node_modules/@deveco/deveco-code pend@1.2.0 OK for: yauzl@3.4.0 want: ~1.2.0
1362 silly placeDep node_modules/@deveco/deveco-code/node_modules/form-data mime-db@1.52.0 OK for: mime-types@2.1.35 want: 1.52.0
1363 silly reify mark retired [
1363 silly reify   'D:\\nodejs\\node_global\\node_modules\\@deveco\\deveco-code',
1363 silly reify   'D:\\nodejs\\node_global\\deveco',
1363 silly reify   'D:\\nodejs\\node_global\\deveco.cmd',
1363 silly reify   'D:\\nodejs\\node_global\\deveco.ps1'
1363 silly reify ]
1364 silly reify moves {
1364 silly reify   'D:\\nodejs\\node_global\\node_modules\\@deveco\\deveco-code': 'D:\\nodejs\\node_global\\node_modules\\@deveco\\.deveco-code-IqgBE6t1',
1364 silly reify   'D:\\nodejs\\node_global\\deveco': 'D:\\nodejs\\node_global\\.deveco-1yElHWWC',
1364 silly reify   'D:\\nodejs\\node_global\\deveco.cmd': 'D:\\nodejs\\node_global\\.deveco.cmd-foltoFlM',
1364 silly reify   'D:\\nodejs\\node_global\\deveco.ps1': 'D:\\nodejs\\node_global\\.deveco.ps1-sYqHpGEA'
1364 silly reify }
1365 http cache @types/debug@https://registry.npmmirror.com/@types/debug/-/debug-4.1.13.tgz 0ms (cache hit)
1366 http cache @deveco/deveco-code@https://registry.npmmirror.com/@deveco/deveco-code/-/deveco-code-0.1.12.tgz 0ms (cache hit)
1367 http cache @types/mdast@https://registry.npmmirror.com/@types/mdast/-/mdast-4.0.4.tgz 0ms (cache hit)
1368 http cache @types/unist@https://registry.npmmirror.com/@types/unist/-/unist-3.0.3.tgz 0ms (cache hit)
1369 http cache @types/ms@https://registry.npmmirror.com/@types/ms/-/ms-2.1.0.tgz 1ms (cache hit)
1370 http cache @hono/node-server@https://registry.npmmirror.com/@hono/node-server/-/node-server-2.1.1.tgz 0ms (cache hit)
1371 http cache @sec-ant/readable-stream@https://registry.npmmirror.com/@sec-ant/readable-stream/-/readable-stream-0.4.1.tgz 0ms (cache hit)
1372 http cache @sqlite.org/sqlite-wasm@https://registry.npmmirror.com/@sqlite.org/sqlite-wasm/-/sqlite-wasm-3.49.1-build4.tgz 0ms (cache hit)
1373 http cache @sindresorhus/merge-streams@https://registry.npmmirror.com/@sindresorhus/merge-streams/-/merge-streams-4.0.0.tgz 0ms (cache hit)
1374 http cache @modelcontextprotocol/sdk@https://registry.npmmirror.com/@modelcontextprotocol/sdk/-/sdk-1.30.0.tgz 0ms (cache hit)
1375 http cache @socket.io/component-emitter@https://registry.npmmirror.com/@socket.io/component-emitter/-/component-emitter-3.1.2.tgz 0ms (cache hit)
1376 http cache yoctocolors@https://registry.npmmirror.com/yoctocolors/-/yoctocolors-2.2.0.tgz 0ms (cache hit)
1377 http cache zod@https://registry.npmmirror.com/zod/-/zod-4.6.5.tgz 0ms (cache hit)
1378 http cache @deveco/deveco-code-windows-x64-baseline@https://registry.npmmirror.com/@deveco/deveco-code-windows-x64-baseline/-/deveco-code-windows-x64-baseline-0.1.12.tgz 0ms (cache hit)
1379 http cache @deveco/deveco-code-windows-x64@https://registry.npmmirror.com/@deveco/deveco-code-windows-x64/-/deveco-code-windows-x64-0.1.12.tgz 0ms (cache hit)
1380 http cache @deveco/deveco-cli@https://registry.npmmirror.com/@deveco/deveco-cli/-/deveco-cli-1.3.2.tgz 0ms (cache hit)
1381 http cache yauzl@https://registry.npmmirror.com/yauzl/-/yauzl-3.4.0.tgz 0ms (cache hit)
1382 http cache zwitch@https://registry.npmmirror.com/zwitch/-/zwitch-2.0.4.tgz 0ms (cache hit)
1383 http cache zod-to-json-schema@https://registry.npmmirror.com/zod-to-json-schema/-/zod-to-json-schema-3.25.2.tgz 0ms (cache hit)
1384 http cache yocto-queue@https://registry.npmmirror.com/yocto-queue/-/yocto-queue-1.2.2.tgz 0ms (cache hit)
1385 http cache which@https://registry.npmmirror.com/which/-/which-2.0.2.tgz 0ms (cache hit)
1386 http cache xtend@https://registry.npmmirror.com/xtend/-/xtend-4.0.2.tgz 0ms (cache hit)
1387 http cache xmlhttprequest-ssl@https://registry.npmmirror.com/xmlhttprequest-ssl/-/xmlhttprequest-ssl-2.1.2.tgz 0ms (cache hit)
1388 http cache wrappy@https://registry.npmmirror.com/wrappy/-/wrappy-1.0.2.tgz 0ms (cache hit)
1389 http cache vfile@https://registry.npmmirror.com/vfile/-/vfile-6.0.3.tgz 0ms (cache hit)
1390 http cache ws@https://registry.npmmirror.com/ws/-/ws-8.21.3.tgz 0ms (cache hit)
1391 http cache vfile-message@https://registry.npmmirror.com/vfile-message/-/vfile-message-4.0.3.tgz 0ms (cache hit)
1392 http cache universalify@https://registry.npmmirror.com/universalify/-/universalify-2.0.1.tgz 0ms (cache hit)
1393 http cache unist-util-visit-parents@https://registry.npmmirror.com/unist-util-visit-parents/-/unist-util-visit-parents-6.0.2.tgz 0ms (cache hit)
1394 http cache unpipe@https://registry.npmmirror.com/unpipe/-/unpipe-1.0.0.tgz 0ms (cache hit)
1395 http cache vary@https://registry.npmmirror.com/vary/-/vary-1.1.2.tgz 0ms (cache hit)
1396 http cache unist-util-visit@https://registry.npmmirror.com/unist-util-visit/-/unist-util-visit-5.1.0.tgz 0ms (cache hit)
1397 http cache unist-util-stringify-position@https://registry.npmmirror.com/unist-util-stringify-position/-/unist-util-stringify-position-4.0.0.tgz 0ms (cache hit)
1398 http cache unified@https://registry.npmmirror.com/unified/-/unified-11.0.5.tgz 0ms (cache hit)
1399 http cache type-is@https://registry.npmmirror.com/type-is/-/type-is-2.1.0.tgz 0ms (cache hit)
1400 http cache content-type@https://registry.npmmirror.com/content-type/-/content-type-2.1.0.tgz 0ms (cache hit)
1401 http cache unist-util-is@https://registry.npmmirror.com/unist-util-is/-/unist-util-is-6.0.1.tgz 0ms (cache hit)
1402 http cache unicorn-magic@https://registry.npmmirror.com/unicorn-magic/-/unicorn-magic-0.3.0.tgz 0ms (cache hit)
1403 http cache through2@https://registry.npmmirror.com/through2/-/through2-0.6.5.tgz 1ms (cache hit)
1404 http cache socket.io-parser@https://registry.npmmirror.com/socket.io-parser/-/socket.io-parser-4.2.7.tgz 0ms (cache hit)
1405 http cache trough@https://registry.npmmirror.com/trough/-/trough-2.2.0.tgz 0ms (cache hit)
1406 http cache toidentifier@https://registry.npmmirror.com/toidentifier/-/toidentifier-1.0.1.tgz 0ms (cache hit)
1407 http cache type-fest@https://registry.npmmirror.com/type-fest/-/type-fest-0.20.2.tgz 0ms (cache hit)
1408 http cache strip-ansi@https://registry.npmmirror.com/strip-ansi/-/strip-ansi-7.2.0.tgz 0ms (cache hit)
1409 http cache strip-final-newline@https://registry.npmmirror.com/strip-final-newline/-/strip-final-newline-4.0.0.tgz 0ms (cache hit)
1410 http cache string_decoder@https://registry.npmmirror.com/string_decoder/-/string_decoder-0.10.31.tgz 0ms (cache hit)
1411 http cache stream-slicer@https://registry.npmmirror.com/stream-slicer/-/stream-slicer-0.0.6.tgz 0ms (cache hit)
1412 http cache string-width@https://registry.npmmirror.com/string-width/-/string-width-8.2.2.tgz 0ms (cache hit)
1413 http cache socket.io-client@https://registry.npmmirror.com/socket.io-client/-/socket.io-client-4.8.3.tgz 0ms (cache hit)
1414 http cache stdin-discarder@https://registry.npmmirror.com/stdin-discarder/-/stdin-discarder-0.3.2.tgz 0ms (cache hit)
1415 http cache side-channel@https://registry.npmmirror.com/side-channel/-/side-channel-1.1.1.tgz 0ms (cache hit)
1416 http cache statuses@https://registry.npmmirror.com/statuses/-/statuses-2.0.2.tgz 0ms (cache hit)
1417 http cache smol-toml@https://registry.npmmirror.com/smol-toml/-/smol-toml-1.8.0.tgz 0ms (cache hit)
1418 http cache side-channel-weakmap@https://registry.npmmirror.com/side-channel-weakmap/-/side-channel-weakmap-1.0.2.tgz 0ms (cache hit)
1419 http cache signal-exit@https://registry.npmmirror.com/signal-exit/-/signal-exit-4.1.0.tgz 0ms (cache hit)
1420 http cache side-channel-map@https://registry.npmmirror.com/side-channel-map/-/side-channel-map-1.0.1.tgz 0ms (cache hit)
1421 http cache side-channel-list@https://registry.npmmirror.com/side-channel-list/-/side-channel-list-1.0.1.tgz 0ms (cache hit)
1422 http cache setprototypeof@https://registry.npmmirror.com/setprototypeof/-/setprototypeof-1.2.0.tgz 0ms (cache hit)
1423 http cache shebang-command@https://registry.npmmirror.com/shebang-command/-/shebang-command-2.0.0.tgz 0ms (cache hit)
1424 http cache serve-static@https://registry.npmmirror.com/serve-static/-/serve-static-2.2.1.tgz 0ms (cache hit)
1425 http cache serialize-error@https://registry.npmmirror.com/serialize-error/-/serialize-error-8.1.0.tgz 0ms (cache hit)
1426 http cache send@https://registry.npmmirror.com/send/-/send-1.2.1.tgz 0ms (cache hit)
1427 http cache shebang-regex@https://registry.npmmirror.com/shebang-regex/-/shebang-regex-3.0.0.tgz 0ms (cache hit)
1428 http cache semver@https://registry.npmmirror.com/semver/-/semver-7.8.5.tgz 0ms (cache hit)
1429 http cache safer-buffer@https://registry.npmmirror.com/safer-buffer/-/safer-buffer-2.1.2.tgz 0ms (cache hit)
1430 http cache require-from-string@https://registry.npmmirror.com/require-from-string/-/require-from-string-2.0.2.tgz 0ms (cache hit)
1431 http cache retry@https://registry.npmmirror.com/retry/-/retry-0.12.0.tgz 0ms (cache hit)
1432 http cache remark-stringify@https://registry.npmmirror.com/remark-stringify/-/remark-stringify-11.0.0.tgz 0ms (cache hit)
1433 http cache restore-cursor@https://registry.npmmirror.com/restore-cursor/-/restore-cursor-5.1.0.tgz 0ms (cache hit)
1434 http cache router@https://registry.npmmirror.com/router/-/router-2.2.0.tgz 0ms (cache hit)
1435 http cache remark-gfm@https://registry.npmmirror.com/remark-gfm/-/remark-gfm-4.0.1.tgz 0ms (cache hit)
1436 http cache remark-parse@https://registry.npmmirror.com/remark-parse/-/remark-parse-11.0.0.tgz 0ms (cache hit)
1437 http cache regedit@https://registry.npmmirror.com/regedit/-/regedit-5.1.4.tgz 0ms (cache hit)
1438 http cache readable-stream@https://registry.npmmirror.com/readable-stream/-/readable-stream-1.0.34.tgz 0ms (cache hit)
1439 http cache range-parser@https://registry.npmmirror.com/range-parser/-/range-parser-1.3.0.tgz 0ms (cache hit)
1440 http cache signal-exit@https://registry.npmmirror.com/signal-exit/-/signal-exit-3.0.7.tgz 0ms (cache hit)
1441 http cache raw-body@https://registry.npmmirror.com/raw-body/-/raw-body-3.0.2.tgz 0ms (cache hit)
1442 http cache qs@https://registry.npmmirror.com/qs/-/qs-6.16.0.tgz 0ms (cache hit)
1443 http cache proxy-addr@https://registry.npmmirror.com/proxy-addr/-/proxy-addr-2.0.8.tgz 0ms (cache hit)
1444 http cache proper-lockfile@https://registry.npmmirror.com/proper-lockfile/-/proper-lockfile-4.1.2.tgz 0ms (cache hit)
1445 http cache proxy-from-env@https://registry.npmmirror.com/proxy-from-env/-/proxy-from-env-2.1.0.tgz 0ms (cache hit)
1446 http cache path-key@https://registry.npmmirror.com/path-key/-/path-key-3.1.1.tgz 0ms (cache hit)
1447 http cache pkce-challenge@https://registry.npmmirror.com/pkce-challenge/-/pkce-challenge-5.0.1.tgz 0ms (cache hit)
1448 http cache pend@https://registry.npmmirror.com/pend/-/pend-1.2.0.tgz 0ms (cache hit)
1449 http cache pretty-ms@https://registry.npmmirror.com/pretty-ms/-/pretty-ms-9.3.1.tgz 0ms (cache hit)
1450 http cache path-to-regexp@https://registry.npmmirror.com/path-to-regexp/-/path-to-regexp-8.4.2.tgz 0ms (cache hit)
1451 http cache onetime@https://registry.npmmirror.com/onetime/-/onetime-7.0.0.tgz 0ms (cache hit)
1452 http cache parseurl@https://registry.npmmirror.com/parseurl/-/parseurl-1.3.3.tgz 0ms (cache hit)
1453 http cache ora@https://registry.npmmirror.com/ora/-/ora-9.4.1.tgz 0ms (cache hit)
1454 http cache parse-ms@https://registry.npmmirror.com/parse-ms/-/parse-ms-4.0.0.tgz 0ms (cache hit)
1455 http cache p-limit@https://registry.npmmirror.com/p-limit/-/p-limit-5.0.0.tgz 0ms (cache hit)
1456 http cache mime-types@https://registry.npmmirror.com/mime-types/-/mime-types-3.0.2.tgz 0ms (cache hit)
1457 http cache on-finished@https://registry.npmmirror.com/on-finished/-/on-finished-2.4.1.tgz 0ms (cache hit)
1458 http cache once@https://registry.npmmirror.com/once/-/once-1.4.0.tgz 0ms (cache hit)
1459 http cache npm-run-path@https://registry.npmmirror.com/npm-run-path/-/npm-run-path-6.0.0.tgz 0ms (cache hit)
1460 http cache object-assign@https://registry.npmmirror.com/object-assign/-/object-assign-4.1.1.tgz 0ms (cache hit)
1461 http cache object-inspect@https://registry.npmmirror.com/object-inspect/-/object-inspect-1.13.4.tgz 0ms (cache hit)
1462 http cache path-key@https://registry.npmmirror.com/path-key/-/path-key-4.0.0.tgz 0ms (cache hit)
1463 http cache object-keys@https://registry.npmmirror.com/object-keys/-/object-keys-1.1.1.tgz 0ms (cache hit)
1464 http cache node-forge@https://registry.npmmirror.com/node-forge/-/node-forge-1.4.0.tgz 0ms (cache hit)
1465 http cache negotiator@https://registry.npmmirror.com/negotiator/-/negotiator-1.1.0.tgz 0ms (cache hit)
1466 http cache mimic-function@https://registry.npmmirror.com/mimic-function/-/mimic-function-5.0.1.tgz 0ms (cache hit)
1467 http cache micromark-util-normalize-identifier@https://registry.npmmirror.com/micromark-util-normalize-identifier/-/micromark-util-normalize-identifier-2.0.1.tgz 0ms (cache hit)
1468 http cache micromark-util-subtokenize@https://registry.npmmirror.com/micromark-util-subtokenize/-/micromark-util-subtokenize-2.1.0.tgz 0ms (cache hit)
1469 http cache content-type@https://registry.npmmirror.com/content-type/-/content-type-2.1.0.tgz 0ms (cache hit)
1470 http cache ms@https://registry.npmmirror.com/ms/-/ms-2.1.3.tgz 0ms (cache hit)
1471 http cache micromark-util-types@https://registry.npmmirror.com/micromark-util-types/-/micromark-util-types-2.0.2.tgz 0ms (cache hit)
1472 http cache micromark-util-symbol@https://registry.npmmirror.com/micromark-util-symbol/-/micromark-util-symbol-2.0.1.tgz 0ms (cache hit)
1473 http cache micromark-util-sanitize-uri@https://registry.npmmirror.com/micromark-util-sanitize-uri/-/micromark-util-sanitize-uri-2.0.1.tgz 0ms (cache hit)
1474 http cache mime-db@https://registry.npmmirror.com/mime-db/-/mime-db-1.54.0.tgz 0ms (cache hit)
1475 http cache micromark-util-resolve-all@https://registry.npmmirror.com/micromark-util-resolve-all/-/micromark-util-resolve-all-2.0.1.tgz 0ms (cache hit)
1476 http cache micromark-util-combine-extensions@https://registry.npmmirror.com/micromark-util-combine-extensions/-/micromark-util-combine-extensions-2.0.1.tgz 0ms (cache hit)
1477 http cache micromark-util-html-tag-name@https://registry.npmmirror.com/micromark-util-html-tag-name/-/micromark-util-html-tag-name-2.0.1.tgz 0ms (cache hit)
1478 http cache micromark-util-decode-string@https://registry.npmmirror.com/micromark-util-decode-string/-/micromark-util-decode-string-2.0.1.tgz 0ms (cache hit)
1479 http cache micromark-util-encode@https://registry.npmmirror.com/micromark-util-encode/-/micromark-util-encode-2.0.1.tgz 0ms (cache hit)
1480 http cache micromark-util-decode-numeric-character-reference@https://registry.npmmirror.com/micromark-util-decode-numeric-character-reference/-/micromark-util-decode-numeric-character-reference-2.0.2.tgz 0ms (cache hit)
1481 http cache micromark-util-character@https://registry.npmmirror.com/micromark-util-character/-/micromark-util-character-2.1.1.tgz 0ms (cache hit)
1482 http cache micromark-util-classify-character@https://registry.npmmirror.com/micromark-util-classify-character/-/micromark-util-classify-character-2.0.1.tgz 0ms (cache hit)
1483 http cache micromark-util-chunked@https://registry.npmmirror.com/micromark-util-chunked/-/micromark-util-chunked-2.0.1.tgz 0ms (cache hit)
1484 http cache micromark-factory-whitespace@https://registry.npmmirror.com/micromark-factory-whitespace/-/micromark-factory-whitespace-2.0.1.tgz 0ms (cache hit)
1485 http cache micromark-factory-title@https://registry.npmmirror.com/micromark-factory-title/-/micromark-factory-title-2.0.1.tgz 0ms (cache hit)
1486 http cache micromark-factory-space@https://registry.npmmirror.com/micromark-factory-space/-/micromark-factory-space-2.0.1.tgz 0ms (cache hit)
1487 http cache micromark-factory-destination@https://registry.npmmirror.com/micromark-factory-destination/-/micromark-factory-destination-2.0.1.tgz 0ms (cache hit)
1488 http cache micromark-factory-label@https://registry.npmmirror.com/micromark-factory-label/-/micromark-factory-label-2.0.1.tgz 0ms (cache hit)
1489 http cache micromark-extension-gfm-tagfilter@https://registry.npmmirror.com/micromark-extension-gfm-tagfilter/-/micromark-extension-gfm-tagfilter-2.0.0.tgz 0ms (cache hit)
1490 http cache micromark-extension-gfm-task-list-item@https://registry.npmmirror.com/micromark-extension-gfm-task-list-item/-/micromark-extension-gfm-task-list-item-2.1.0.tgz 0ms (cache hit)
1491 http cache micromark-extension-gfm-strikethrough@https://registry.npmmirror.com/micromark-extension-gfm-strikethrough/-/micromark-extension-gfm-strikethrough-2.1.0.tgz 0ms (cache hit)
1492 http cache micromark-extension-gfm-table@https://registry.npmmirror.com/micromark-extension-gfm-table/-/micromark-extension-gfm-table-2.1.2.tgz 0ms (cache hit)
1493 http cache micromark-extension-gfm@https://registry.npmmirror.com/micromark-extension-gfm/-/micromark-extension-gfm-3.0.0.tgz 0ms (cache hit)
1494 http cache micromark-extension-gfm-footnote@https://registry.npmmirror.com/micromark-extension-gfm-footnote/-/micromark-extension-gfm-footnote-2.1.0.tgz 0ms (cache hit)
1495 http cache micromark@https://registry.npmmirror.com/micromark/-/micromark-4.0.2.tgz 0ms (cache hit)
1496 http cache micromark-extension-gfm-autolink-literal@https://registry.npmmirror.com/micromark-extension-gfm-autolink-literal/-/micromark-extension-gfm-autolink-literal-2.1.0.tgz 0ms (cache hit)
1497 http cache micromark-core-commonmark@https://registry.npmmirror.com/micromark-core-commonmark/-/micromark-core-commonmark-2.0.3.tgz 0ms (cache hit)
1498 http cache media-typer@https://registry.npmmirror.com/media-typer/-/media-typer-1.1.1.tgz 0ms (cache hit)
1499 http cache mdast-util-to-markdown@https://registry.npmmirror.com/mdast-util-to-markdown/-/mdast-util-to-markdown-2.1.2.tgz 0ms (cache hit)
1500 http cache merge-descriptors@https://registry.npmmirror.com/merge-descriptors/-/merge-descriptors-2.0.0.tgz 0ms (cache hit)
1501 http cache mdast-util-to-string@https://registry.npmmirror.com/mdast-util-to-string/-/mdast-util-to-string-4.0.0.tgz 0ms (cache hit)
1502 http cache mdast-util-phrasing@https://registry.npmmirror.com/mdast-util-phrasing/-/mdast-util-phrasing-4.1.0.tgz 0ms (cache hit)
1503 http cache mdast-util-gfm-task-list-item@https://registry.npmmirror.com/mdast-util-gfm-task-list-item/-/mdast-util-gfm-task-list-item-2.0.0.tgz 0ms (cache hit)
1504 http cache mdast-util-gfm-strikethrough@https://registry.npmmirror.com/mdast-util-gfm-strikethrough/-/mdast-util-gfm-strikethrough-2.0.0.tgz 0ms (cache hit)
1505 http cache mdast-util-gfm@https://registry.npmmirror.com/mdast-util-gfm/-/mdast-util-gfm-3.1.0.tgz 0ms (cache hit)
1506 http cache mdast-util-gfm-table@https://registry.npmmirror.com/mdast-util-gfm-table/-/mdast-util-gfm-table-2.0.0.tgz 0ms (cache hit)
1507 http cache mdast-util-gfm-footnote@https://registry.npmmirror.com/mdast-util-gfm-footnote/-/mdast-util-gfm-footnote-2.1.0.tgz 0ms (cache hit)
1508 http cache mdast-util-from-markdown@https://registry.npmmirror.com/mdast-util-from-markdown/-/mdast-util-from-markdown-2.0.3.tgz 0ms (cache hit)
1509 http cache mdast-util-gfm-autolink-literal@https://registry.npmmirror.com/mdast-util-gfm-autolink-literal/-/mdast-util-gfm-autolink-literal-2.0.1.tgz 0ms (cache hit)
1510 http cache mdast-util-find-and-replace@https://registry.npmmirror.com/mdast-util-find-and-replace/-/mdast-util-find-and-replace-3.0.2.tgz 0ms (cache hit)
1511 http cache matcher@https://registry.npmmirror.com/matcher/-/matcher-4.0.0.tgz 0ms (cache hit)
1512 http cache math-intrinsics@https://registry.npmmirror.com/math-intrinsics/-/math-intrinsics-1.1.0.tgz 0ms (cache hit)
1513 http cache escape-string-regexp@https://registry.npmmirror.com/escape-string-regexp/-/escape-string-regexp-5.0.0.tgz 0ms (cache hit)
1514 http cache jsonfile@https://registry.npmmirror.com/jsonfile/-/jsonfile-6.2.1.tgz 0ms (cache hit)
1515 http cache markdown-table@https://registry.npmmirror.com/markdown-table/-/markdown-table-3.0.4.tgz 0ms (cache hit)
1516 http cache log-symbols@https://registry.npmmirror.com/log-symbols/-/log-symbols-7.0.1.tgz 0ms (cache hit)
1517 http cache json-schema-traverse@https://registry.npmmirror.com/json-schema-traverse/-/json-schema-traverse-1.0.0.tgz 0ms (cache hit)
1518 http cache longest-streak@https://registry.npmmirror.com/longest-streak/-/longest-streak-3.1.0.tgz 0ms (cache hit)
1519 http cache jose@https://registry.npmmirror.com/jose/-/jose-6.2.12.tgz 0ms (cache hit)
1520 http cache json5@https://registry.npmmirror.com/json5/-/json5-2.2.3.tgz 0ms (cache hit)
1521 http cache json-schema-typed@https://registry.npmmirror.com/json-schema-typed/-/json-schema-typed-8.0.2.tgz 0ms (cache hit)
1522 http cache isexe@https://registry.npmmirror.com/isexe/-/isexe-2.0.0.tgz 0ms (cache hit)
1523 http cache jieba-wasm@https://registry.npmmirror.com/jieba-wasm/-/jieba-wasm-2.4.0.tgz 0ms (cache hit)
1524 http cache is-stream@https://registry.npmmirror.com/is-stream/-/is-stream-4.0.1.tgz 0ms (cache hit)
1525 http cache isarray@https://registry.npmmirror.com/isarray/-/isarray-0.0.1.tgz 0ms (cache hit)
1526 http cache is-unicode-supported@https://registry.npmmirror.com/is-unicode-supported/-/is-unicode-supported-2.1.0.tgz 0ms (cache hit)
1527 http cache is-promise@https://registry.npmmirror.com/is-promise/-/is-promise-4.0.0.tgz 0ms (cache hit)
1528 http cache is-plain-obj@https://registry.npmmirror.com/is-plain-obj/-/is-plain-obj-4.1.0.tgz 0ms (cache hit)
1529 http cache is-interactive@https://registry.npmmirror.com/is-interactive/-/is-interactive-2.0.0.tgz 0ms (cache hit)
1530 http cache ipaddr.js@https://registry.npmmirror.com/ipaddr.js/-/ipaddr.js-1.9.1.tgz 0ms (cache hit)
1531 http cache human-signals@https://registry.npmmirror.com/human-signals/-/human-signals-8.0.1.tgz 0ms (cache hit)
1532 http cache https-proxy-agent@https://registry.npmmirror.com/https-proxy-agent/-/https-proxy-agent-5.0.1.tgz 0ms (cache hit)
1533 http cache if-async@https://registry.npmmirror.com/if-async/-/if-async-3.7.4.tgz 0ms (cache hit)
1534 http cache ip-address@https://registry.npmmirror.com/ip-address/-/ip-address-10.7.2.tgz 0ms (cache hit)
1535 http cache inherits@https://registry.npmmirror.com/inherits/-/inherits-2.0.4.tgz 0ms (cache hit)
1536 http cache iconv-lite@https://registry.npmmirror.com/iconv-lite/-/iconv-lite-0.7.3.tgz 0ms (cache hit)
1537 http cache has-tostringtag@https://registry.npmmirror.com/has-tostringtag/-/has-tostringtag-1.0.2.tgz 0ms (cache hit)
1538 http cache http-errors@https://registry.npmmirror.com/http-errors/-/http-errors-2.0.1.tgz 0ms (cache hit)
1539 http cache hono@https://registry.npmmirror.com/hono/-/hono-4.13.8.tgz 0ms (cache hit)
1540 http cache has-symbols@https://registry.npmmirror.com/has-symbols/-/has-symbols-1.1.0.tgz 0ms (cache hit)
1541 http cache has-property-descriptors@https://registry.npmmirror.com/has-property-descriptors/-/has-property-descriptors-1.0.2.tgz 0ms (cache hit)
1542 http cache graceful-fs@https://registry.npmmirror.com/graceful-fs/-/graceful-fs-4.2.11.tgz 0ms (cache hit)
1543 http cache hasown@https://registry.npmmirror.com/hasown/-/hasown-2.0.4.tgz 0ms (cache hit)
1544 http cache gopd@https://registry.npmmirror.com/gopd/-/gopd-1.2.0.tgz 0ms (cache hit)
1545 http cache global-agent@https://registry.npmmirror.com/global-agent/-/global-agent-4.1.3.tgz 0ms (cache hit)
1546 http cache globalthis@https://registry.npmmirror.com/globalthis/-/globalthis-1.0.4.tgz 0ms (cache hit)
1547 http cache get-stream@https://registry.npmmirror.com/get-stream/-/get-stream-9.0.1.tgz 0ms (cache hit)
1548 http cache function-bind@https://registry.npmmirror.com/function-bind/-/function-bind-1.1.2.tgz 0ms (cache hit)
1549 http cache get-east-asian-width@https://registry.npmmirror.com/get-east-asian-width/-/get-east-asian-width-1.7.0.tgz 0ms (cache hit)
1550 http cache get-intrinsic@https://registry.npmmirror.com/get-intrinsic/-/get-intrinsic-1.3.0.tgz 0ms (cache hit)
1551 http cache get-proto@https://registry.npmmirror.com/get-proto/-/get-proto-1.0.1.tgz 0ms (cache hit)
1552 http cache fs-extra@https://registry.npmmirror.com/fs-extra/-/fs-extra-11.4.0.tgz 0ms (cache hit)
1553 http cache fresh@https://registry.npmmirror.com/fresh/-/fresh-2.0.0.tgz 0ms (cache hit)
1554 http cache finalhandler@https://registry.npmmirror.com/finalhandler/-/finalhandler-2.1.1.tgz 0ms (cache hit)
1555 http cache mime-types@https://registry.npmmirror.com/mime-types/-/mime-types-2.1.35.tgz 0ms (cache hit)
1556 http cache form-data@https://registry.npmmirror.com/form-data/-/form-data-4.0.6.tgz 0ms (cache hit)
1557 http cache forwarded@https://registry.npmmirror.com/forwarded/-/forwarded-0.2.0.tgz 0ms (cache hit)
1558 http cache fast-deep-equal@https://registry.npmmirror.com/fast-deep-equal/-/fast-deep-equal-3.1.3.tgz 1ms (cache hit)
1559 http cache mime-db@https://registry.npmmirror.com/mime-db/-/mime-db-1.52.0.tgz 0ms (cache hit)
1560 http cache figures@https://registry.npmmirror.com/figures/-/figures-6.1.0.tgz 0ms (cache hit)
1561 http cache fast-uri@https://registry.npmmirror.com/fast-uri/-/fast-uri-3.1.8.tgz 0ms (cache hit)
1562 http cache follow-redirects@https://registry.npmmirror.com/follow-redirects/-/follow-redirects-1.16.0.tgz 0ms (cache hit)
1563 http cache express-rate-limit@https://registry.npmmirror.com/express-rate-limit/-/express-rate-limit-8.7.0.tgz 0ms (cache hit)
1564 http cache extend@https://registry.npmmirror.com/extend/-/extend-3.0.2.tgz 0ms (cache hit)
1565 http cache eventsource@https://registry.npmmirror.com/eventsource/-/eventsource-3.0.7.tgz 0ms (cache hit)
1566 http cache execa@https://registry.npmmirror.com/execa/-/execa-9.6.1.tgz 0ms (cache hit)
1567 http cache express@https://registry.npmmirror.com/express/-/express-5.2.1.tgz 0ms (cache hit)
1568 http cache eventsource-parser@https://registry.npmmirror.com/eventsource-parser/-/eventsource-parser-3.1.1.tgz 0ms (cache hit)
1569 http cache etag@https://registry.npmmirror.com/etag/-/etag-1.8.1.tgz 0ms (cache hit)
1570 http cache es-set-tostringtag@https://registry.npmmirror.com/es-set-tostringtag/-/es-set-tostringtag-2.1.0.tgz 0ms (cache hit)
1571 http cache es-object-atoms@https://registry.npmmirror.com/es-object-atoms/-/es-object-atoms-1.1.2.tgz 0ms (cache hit)
1572 http cache engine.io-parser@https://registry.npmmirror.com/engine.io-parser/-/engine.io-parser-5.2.3.tgz 0ms (cache hit)
1573 http cache escape-string-regexp@https://registry.npmmirror.com/escape-string-regexp/-/escape-string-regexp-4.0.0.tgz 0ms (cache hit)
1574 http cache escape-html@https://registry.npmmirror.com/escape-html/-/escape-html-1.0.3.tgz 0ms (cache hit)
1575 http cache engine.io-client@https://registry.npmmirror.com/engine.io-client/-/engine.io-client-6.6.6.tgz 0ms (cache hit)
1576 http cache es-errors@https://registry.npmmirror.com/es-errors/-/es-errors-1.3.0.tgz 0ms (cache hit)
1577 http cache es-define-property@https://registry.npmmirror.com/es-define-property/-/es-define-property-1.0.1.tgz 0ms (cache hit)
1578 http cache dunder-proto@https://registry.npmmirror.com/dunder-proto/-/dunder-proto-1.0.1.tgz 0ms (cache hit)
1579 http cache ee-first@https://registry.npmmirror.com/ee-first/-/ee-first-1.1.1.tgz 0ms (cache hit)
1580 http cache devlop@https://registry.npmmirror.com/devlop/-/devlop-1.1.0.tgz 0ms (cache hit)
1581 http cache encodeurl@https://registry.npmmirror.com/encodeurl/-/encodeurl-2.0.0.tgz 0ms (cache hit)
1582 http cache delayed-stream@https://registry.npmmirror.com/delayed-stream/-/delayed-stream-1.0.0.tgz 0ms (cache hit)
1583 http cache define-properties@https://registry.npmmirror.com/define-properties/-/define-properties-1.2.1.tgz 0ms (cache hit)
1584 http cache dequal@https://registry.npmmirror.com/dequal/-/dequal-2.0.3.tgz 0ms (cache hit)
1585 http cache depd@https://registry.npmmirror.com/depd/-/depd-2.0.0.tgz 0ms (cache hit)
1586 http cache define-data-property@https://registry.npmmirror.com/define-data-property/-/define-data-property-1.1.4.tgz 0ms (cache hit)
1587 http cache decode-named-character-reference@https://registry.npmmirror.com/decode-named-character-reference/-/decode-named-character-reference-1.3.0.tgz 0ms (cache hit)
1588 http cache debug@https://registry.npmmirror.com/debug/-/debug-4.4.3.tgz 0ms (cache hit)
1589 http cache cross-spawn@https://registry.npmmirror.com/cross-spawn/-/cross-spawn-7.0.6.tgz 0ms (cache hit)
1590 http cache core-util-is@https://registry.npmmirror.com/core-util-is/-/core-util-is-1.0.3.tgz 0ms (cache hit)
1591 http cache bytes@https://registry.npmmirror.com/bytes/-/bytes-3.1.2.tgz 0ms (cache hit)
1592 http cache cors@https://registry.npmmirror.com/cors/-/cors-2.8.6.tgz 0ms (cache hit)
1593 http cache cookie-signature@https://registry.npmmirror.com/cookie-signature/-/cookie-signature-1.2.2.tgz 0ms (cache hit)
1594 http cache cookie@https://registry.npmmirror.com/cookie/-/cookie-0.7.2.tgz 0ms (cache hit)
1595 http cache content-disposition@https://registry.npmmirror.com/content-disposition/-/content-disposition-1.1.0.tgz 0ms (cache hit)
1596 http cache commander@https://registry.npmmirror.com/commander/-/commander-13.1.0.tgz 0ms (cache hit)
1597 http cache cli-spinners@https://registry.npmmirror.com/cli-spinners/-/cli-spinners-3.4.0.tgz 0ms (cache hit)
1598 http cache combined-stream@https://registry.npmmirror.com/combined-stream/-/combined-stream-1.0.8.tgz 0ms (cache hit)
1599 http cache colorette@https://registry.npmmirror.com/colorette/-/colorette-2.0.20.tgz 0ms (cache hit)
1600 http cache character-entities@https://registry.npmmirror.com/character-entities/-/character-entities-2.0.2.tgz 0ms (cache hit)
1601 http cache cli-cursor@https://registry.npmmirror.com/cli-cursor/-/cli-cursor-5.0.0.tgz 0ms (cache hit)
1602 http cache content-type@https://registry.npmmirror.com/content-type/-/content-type-1.0.5.tgz 0ms (cache hit)
1603 http cache chalk@https://registry.npmmirror.com/chalk/-/chalk-5.6.2.tgz 0ms (cache hit)
1604 http cache call-bind-apply-helpers@https://registry.npmmirror.com/call-bind-apply-helpers/-/call-bind-apply-helpers-1.0.2.tgz 0ms (cache hit)
1605 http cache call-bound@https://registry.npmmirror.com/call-bound/-/call-bound-1.0.4.tgz 0ms (cache hit)
1606 http cache ccount@https://registry.npmmirror.com/ccount/-/ccount-2.0.1.tgz 0ms (cache hit)
1607 http cache bail@https://registry.npmmirror.com/bail/-/bail-2.0.2.tgz 0ms (cache hit)
1608 http cache body-parser@https://registry.npmmirror.com/body-parser/-/body-parser-2.3.0.tgz 0ms (cache hit)
1609 http cache asynckit@https://registry.npmmirror.com/asynckit/-/asynckit-0.4.0.tgz 0ms (cache hit)
1610 http cache ajv-formats@https://registry.npmmirror.com/ajv-formats/-/ajv-formats-3.0.1.tgz 0ms (cache hit)
1611 http cache content-type@https://registry.npmmirror.com/content-type/-/content-type-2.1.0.tgz 0ms (cache hit)
1612 http cache axios@https://registry.npmmirror.com/axios/-/axios-1.19.0.tgz 0ms (cache hit)
1613 http cache agent-base@https://registry.npmmirror.com/agent-base/-/agent-base-6.0.2.tgz 0ms (cache hit)
1614 http cache accepts@https://registry.npmmirror.com/accepts/-/accepts-2.0.0.tgz 0ms (cache hit)
1615 http cache ansi-regex@https://registry.npmmirror.com/ansi-regex/-/ansi-regex-6.3.0.tgz 0ms (cache hit)
1616 http cache adm-zip@https://registry.npmmirror.com/adm-zip/-/adm-zip-0.6.0.tgz 0ms (cache hit)
1617 http cache ajv@https://registry.npmmirror.com/ajv/-/ajv-8.20.0.tgz 0ms (cache hit)
1618 silly tarball no local data for @types/debug@https://registry.npmmirror.com/@types/debug/-/debug-4.1.13.tgz. Extracting by manifest.
1619 silly tarball no local data for @deveco/deveco-code@https://registry.npmmirror.com/@deveco/deveco-code/-/deveco-code-0.1.12.tgz. Extracting by manifest.
1620 silly tarball no local data for @types/mdast@https://registry.npmmirror.com/@types/mdast/-/mdast-4.0.4.tgz. Extracting by manifest.
1621 silly tarball no local data for @types/unist@https://registry.npmmirror.com/@types/unist/-/unist-3.0.3.tgz. Extracting by manifest.
1622 silly tarball no local data for @types/ms@https://registry.npmmirror.com/@types/ms/-/ms-2.1.0.tgz. Extracting by manifest.
1623 silly tarball no local data for @hono/node-server@https://registry.npmmirror.com/@hono/node-server/-/node-server-2.1.1.tgz. Extracting by manifest.
1624 silly tarball no local data for @sec-ant/readable-stream@https://registry.npmmirror.com/@sec-ant/readable-stream/-/readable-stream-0.4.1.tgz. Extracting by manifest.
1625 silly tarball no local data for @sqlite.org/sqlite-wasm@https://registry.npmmirror.com/@sqlite.org/sqlite-wasm/-/sqlite-wasm-3.49.1-build4.tgz. Extracting by manifest.
1626 silly tarball no local data for @sindresorhus/merge-streams@https://registry.npmmirror.com/@sindresorhus/merge-streams/-/merge-streams-4.0.0.tgz. Extracting by manifest.
1627 silly tarball no local data for @modelcontextprotocol/sdk@https://registry.npmmirror.com/@modelcontextprotocol/sdk/-/sdk-1.30.0.tgz. Extracting by manifest.
1628 silly tarball no local data for @socket.io/component-emitter@https://registry.npmmirror.com/@socket.io/component-emitter/-/component-emitter-3.1.2.tgz. Extracting by manifest.
1629 silly tarball no local data for yoctocolors@https://registry.npmmirror.com/yoctocolors/-/yoctocolors-2.2.0.tgz. Extracting by manifest.
1630 silly tarball no local data for zod@https://registry.npmmirror.com/zod/-/zod-4.6.5.tgz. Extracting by manifest.
1631 silly tarball no local data for @deveco/deveco-code-windows-x64-baseline@https://registry.npmmirror.com/@deveco/deveco-code-windows-x64-baseline/-/deveco-code-windows-x64-baseline-0.1.12.tgz. Extracting by manifest.
1632 silly tarball no local data for @deveco/deveco-code-windows-x64@https://registry.npmmirror.com/@deveco/deveco-code-windows-x64/-/deveco-code-windows-x64-0.1.12.tgz. Extracting by manifest.
1633 silly tarball no local data for @deveco/deveco-cli@https://registry.npmmirror.com/@deveco/deveco-cli/-/deveco-cli-1.3.2.tgz. Extracting by manifest.
1634 silly tarball no local data for yauzl@https://registry.npmmirror.com/yauzl/-/yauzl-3.4.0.tgz. Extracting by manifest.
1635 silly tarball no local data for zwitch@https://registry.npmmirror.com/zwitch/-/zwitch-2.0.4.tgz. Extracting by manifest.
1636 silly tarball no local data for zod-to-json-schema@https://registry.npmmirror.com/zod-to-json-schema/-/zod-to-json-schema-3.25.2.tgz. Extracting by manifest.
1637 silly tarball no local data for yocto-queue@https://registry.npmmirror.com/yocto-queue/-/yocto-queue-1.2.2.tgz. Extracting by manifest.
1638 silly tarball no local data for which@https://registry.npmmirror.com/which/-/which-2.0.2.tgz. Extracting by manifest.
1639 silly tarball no local data for xtend@https://registry.npmmirror.com/xtend/-/xtend-4.0.2.tgz. Extracting by manifest.
1640 silly tarball no local data for xmlhttprequest-ssl@https://registry.npmmirror.com/xmlhttprequest-ssl/-/xmlhttprequest-ssl-2.1.2.tgz. Extracting by manifest.
1641 silly tarball no local data for wrappy@https://registry.npmmirror.com/wrappy/-/wrappy-1.0.2.tgz. Extracting by manifest.
1642 silly tarball no local data for vfile@https://registry.npmmirror.com/vfile/-/vfile-6.0.3.tgz. Extracting by manifest.
1643 silly tarball no local data for ws@https://registry.npmmirror.com/ws/-/ws-8.21.3.tgz. Extracting by manifest.
1644 silly tarball no local data for vfile-message@https://registry.npmmirror.com/vfile-message/-/vfile-message-4.0.3.tgz. Extracting by manifest.
1645 silly tarball no local data for universalify@https://registry.npmmirror.com/universalify/-/universalify-2.0.1.tgz. Extracting by manifest.
1646 silly tarball no local data for unist-util-visit-parents@https://registry.npmmirror.com/unist-util-visit-parents/-/unist-util-visit-parents-6.0.2.tgz. Extracting by manifest.
1647 silly tarball no local data for unpipe@https://registry.npmmirror.com/unpipe/-/unpipe-1.0.0.tgz. Extracting by manifest.
1648 silly tarball no local data for vary@https://registry.npmmirror.com/vary/-/vary-1.1.2.tgz. Extracting by manifest.
1649 silly tarball no local data for unist-util-visit@https://registry.npmmirror.com/unist-util-visit/-/unist-util-visit-5.1.0.tgz. Extracting by manifest.
1650 silly tarball no local data for unist-util-stringify-position@https://registry.npmmirror.com/unist-util-stringify-position/-/unist-util-stringify-position-4.0.0.tgz. Extracting by manifest.
1651 silly tarball no local data for unified@https://registry.npmmirror.com/unified/-/unified-11.0.5.tgz. Extracting by manifest.
1652 silly tarball no local data for type-is@https://registry.npmmirror.com/type-is/-/type-is-2.1.0.tgz. Extracting by manifest.
1653 silly tarball no local data for content-type@https://registry.npmmirror.com/content-type/-/content-type-2.1.0.tgz. Extracting by manifest.
1654 silly tarball no local data for unist-util-is@https://registry.npmmirror.com/unist-util-is/-/unist-util-is-6.0.1.tgz. Extracting by manifest.
1655 silly tarball no local data for unicorn-magic@https://registry.npmmirror.com/unicorn-magic/-/unicorn-magic-0.3.0.tgz. Extracting by manifest.
1656 silly tarball no local data for through2@https://registry.npmmirror.com/through2/-/through2-0.6.5.tgz. Extracting by manifest.
1657 silly tarball no local data for socket.io-parser@https://registry.npmmirror.com/socket.io-parser/-/socket.io-parser-4.2.7.tgz. Extracting by manifest.
1658 silly tarball no local data for trough@https://registry.npmmirror.com/trough/-/trough-2.2.0.tgz. Extracting by manifest.
1659 silly tarball no local data for toidentifier@https://registry.npmmirror.com/toidentifier/-/toidentifier-1.0.1.tgz. Extracting by manifest.
1660 silly tarball no local data for type-fest@https://registry.npmmirror.com/type-fest/-/type-fest-0.20.2.tgz. Extracting by manifest.
1661 silly tarball no local data for strip-ansi@https://registry.npmmirror.com/strip-ansi/-/strip-ansi-7.2.0.tgz. Extracting by manifest.
1662 silly tarball no local data for strip-final-newline@https://registry.npmmirror.com/strip-final-newline/-/strip-final-newline-4.0.0.tgz. Extracting by manifest.
1663 silly tarball no local data for string_decoder@https://registry.npmmirror.com/string_decoder/-/string_decoder-0.10.31.tgz. Extracting by manifest.
1664 silly tarball no local data for stream-slicer@https://registry.npmmirror.com/stream-slicer/-/stream-slicer-0.0.6.tgz. Extracting by manifest.
1665 silly tarball no local data for string-width@https://registry.npmmirror.com/string-width/-/string-width-8.2.2.tgz. Extracting by manifest.
1666 silly tarball no local data for socket.io-client@https://registry.npmmirror.com/socket.io-client/-/socket.io-client-4.8.3.tgz. Extracting by manifest.
1667 silly tarball no local data for stdin-discarder@https://registry.npmmirror.com/stdin-discarder/-/stdin-discarder-0.3.2.tgz. Extracting by manifest.
1668 silly tarball no local data for side-channel@https://registry.npmmirror.com/side-channel/-/side-channel-1.1.1.tgz. Extracting by manifest.
1669 silly tarball no local data for statuses@https://registry.npmmirror.com/statuses/-/statuses-2.0.2.tgz. Extracting by manifest.
1670 silly tarball no local data for smol-toml@https://registry.npmmirror.com/smol-toml/-/smol-toml-1.8.0.tgz. Extracting by manifest.
1671 silly tarball no local data for side-channel-weakmap@https://registry.npmmirror.com/side-channel-weakmap/-/side-channel-weakmap-1.0.2.tgz. Extracting by manifest.
1672 silly tarball no local data for signal-exit@https://registry.npmmirror.com/signal-exit/-/signal-exit-4.1.0.tgz. Extracting by manifest.
1673 silly tarball no local data for side-channel-map@https://registry.npmmirror.com/side-channel-map/-/side-channel-map-1.0.1.tgz. Extracting by manifest.
1674 silly tarball no local data for side-channel-list@https://registry.npmmirror.com/side-channel-list/-/side-channel-list-1.0.1.tgz. Extracting by manifest.
1675 silly tarball no local data for setprototypeof@https://registry.npmmirror.com/setprototypeof/-/setprototypeof-1.2.0.tgz. Extracting by manifest.
1676 silly tarball no local data for shebang-command@https://registry.npmmirror.com/shebang-command/-/shebang-command-2.0.0.tgz. Extracting by manifest.
1677 silly tarball no local data for serve-static@https://registry.npmmirror.com/serve-static/-/serve-static-2.2.1.tgz. Extracting by manifest.
1678 silly tarball no local data for serialize-error@https://registry.npmmirror.com/serialize-error/-/serialize-error-8.1.0.tgz. Extracting by manifest.
1679 silly tarball no local data for send@https://registry.npmmirror.com/send/-/send-1.2.1.tgz. Extracting by manifest.
1680 silly tarball no local data for shebang-regex@https://registry.npmmirror.com/shebang-regex/-/shebang-regex-3.0.0.tgz. Extracting by manifest.
1681 silly tarball no local data for semver@https://registry.npmmirror.com/semver/-/semver-7.8.5.tgz. Extracting by manifest.
1682 silly tarball no local data for safer-buffer@https://registry.npmmirror.com/safer-buffer/-/safer-buffer-2.1.2.tgz. Extracting by manifest.
1683 silly tarball no local data for require-from-string@https://registry.npmmirror.com/require-from-string/-/require-from-string-2.0.2.tgz. Extracting by manifest.
1684 silly tarball no local data for retry@https://registry.npmmirror.com/retry/-/retry-0.12.0.tgz. Extracting by manifest.
1685 silly tarball no local data for remark-stringify@https://registry.npmmirror.com/remark-stringify/-/remark-stringify-11.0.0.tgz. Extracting by manifest.
1686 silly tarball no local data for restore-cursor@https://registry.npmmirror.com/restore-cursor/-/restore-cursor-5.1.0.tgz. Extracting by manifest.
1687 silly tarball no local data for router@https://registry.npmmirror.com/router/-/router-2.2.0.tgz. Extracting by manifest.
1688 silly tarball no local data for remark-gfm@https://registry.npmmirror.com/remark-gfm/-/remark-gfm-4.0.1.tgz. Extracting by manifest.
1689 silly tarball no local data for remark-parse@https://registry.npmmirror.com/remark-parse/-/remark-parse-11.0.0.tgz. Extracting by manifest.
1690 silly tarball no local data for regedit@https://registry.npmmirror.com/regedit/-/regedit-5.1.4.tgz. Extracting by manifest.
1691 silly tarball no local data for readable-stream@https://registry.npmmirror.com/readable-stream/-/readable-stream-1.0.34.tgz. Extracting by manifest.
1692 silly tarball no local data for range-parser@https://registry.npmmirror.com/range-parser/-/range-parser-1.3.0.tgz. Extracting by manifest.
1693 silly tarball no local data for signal-exit@https://registry.npmmirror.com/signal-exit/-/signal-exit-3.0.7.tgz. Extracting by manifest.
1694 silly tarball no local data for raw-body@https://registry.npmmirror.com/raw-body/-/raw-body-3.0.2.tgz. Extracting by manifest.
1695 silly tarball no local data for qs@https://registry.npmmirror.com/qs/-/qs-6.16.0.tgz. Extracting by manifest.
1696 silly tarball no local data for proxy-addr@https://registry.npmmirror.com/proxy-addr/-/proxy-addr-2.0.8.tgz. Extracting by manifest.
1697 silly tarball no local data for proper-lockfile@https://registry.npmmirror.com/proper-lockfile/-/proper-lockfile-4.1.2.tgz. Extracting by manifest.
1698 silly tarball no local data for proxy-from-env@https://registry.npmmirror.com/proxy-from-env/-/proxy-from-env-2.1.0.tgz. Extracting by manifest.
1699 silly tarball no local data for path-key@https://registry.npmmirror.com/path-key/-/path-key-3.1.1.tgz. Extracting by manifest.
1700 silly tarball no local data for pkce-challenge@https://registry.npmmirror.com/pkce-challenge/-/pkce-challenge-5.0.1.tgz. Extracting by manifest.
1701 silly tarball no local data for pend@https://registry.npmmirror.com/pend/-/pend-1.2.0.tgz. Extracting by manifest.
1702 silly tarball no local data for pretty-ms@https://registry.npmmirror.com/pretty-ms/-/pretty-ms-9.3.1.tgz. Extracting by manifest.
1703 silly tarball no local data for path-to-regexp@https://registry.npmmirror.com/path-to-regexp/-/path-to-regexp-8.4.2.tgz. Extracting by manifest.
1704 silly tarball no local data for onetime@https://registry.npmmirror.com/onetime/-/onetime-7.0.0.tgz. Extracting by manifest.
1705 silly tarball no local data for parseurl@https://registry.npmmirror.com/parseurl/-/parseurl-1.3.3.tgz. Extracting by manifest.
1706 silly tarball no local data for ora@https://registry.npmmirror.com/ora/-/ora-9.4.1.tgz. Extracting by manifest.
1707 silly tarball no local data for parse-ms@https://registry.npmmirror.com/parse-ms/-/parse-ms-4.0.0.tgz. Extracting by manifest.
1708 silly tarball no local data for p-limit@https://registry.npmmirror.com/p-limit/-/p-limit-5.0.0.tgz. Extracting by manifest.
1709 silly tarball no local data for mime-types@https://registry.npmmirror.com/mime-types/-/mime-types-3.0.2.tgz. Extracting by manifest.
1710 silly tarball no local data for on-finished@https://registry.npmmirror.com/on-finished/-/on-finished-2.4.1.tgz. Extracting by manifest.
1711 silly tarball no local data for once@https://registry.npmmirror.com/once/-/once-1.4.0.tgz. Extracting by manifest.
1712 silly tarball no local data for npm-run-path@https://registry.npmmirror.com/npm-run-path/-/npm-run-path-6.0.0.tgz. Extracting by manifest.
1713 silly tarball no local data for object-assign@https://registry.npmmirror.com/object-assign/-/object-assign-4.1.1.tgz. Extracting by manifest.
1714 silly tarball no local data for object-inspect@https://registry.npmmirror.com/object-inspect/-/object-inspect-1.13.4.tgz. Extracting by manifest.
1715 silly tarball no local data for path-key@https://registry.npmmirror.com/path-key/-/path-key-4.0.0.tgz. Extracting by manifest.
1716 silly tarball no local data for object-keys@https://registry.npmmirror.com/object-keys/-/object-keys-1.1.1.tgz. Extracting by manifest.
1717 silly tarball no local data for node-forge@https://registry.npmmirror.com/node-forge/-/node-forge-1.4.0.tgz. Extracting by manifest.
1718 silly tarball no local data for negotiator@https://registry.npmmirror.com/negotiator/-/negotiator-1.1.0.tgz. Extracting by manifest.
1719 silly tarball no local data for mimic-function@https://registry.npmmirror.com/mimic-function/-/mimic-function-5.0.1.tgz. Extracting by manifest.
1720 silly tarball no local data for micromark-util-normalize-identifier@https://registry.npmmirror.com/micromark-util-normalize-identifier/-/micromark-util-normalize-identifier-2.0.1.tgz. Extracting by manifest.
1721 silly tarball no local data for micromark-util-subtokenize@https://registry.npmmirror.com/micromark-util-subtokenize/-/micromark-util-subtokenize-2.1.0.tgz. Extracting by manifest.
1722 silly tarball no local data for content-type@https://registry.npmmirror.com/content-type/-/content-type-2.1.0.tgz. Extracting by manifest.
1723 silly tarball no local data for ms@https://registry.npmmirror.com/ms/-/ms-2.1.3.tgz. Extracting by manifest.
1724 silly tarball no local data for micromark-util-types@https://registry.npmmirror.com/micromark-util-types/-/micromark-util-types-2.0.2.tgz. Extracting by manifest.
1725 silly tarball no local data for micromark-util-symbol@https://registry.npmmirror.com/micromark-util-symbol/-/micromark-util-symbol-2.0.1.tgz. Extracting by manifest.
1726 silly tarball no local data for micromark-util-sanitize-uri@https://registry.npmmirror.com/micromark-util-sanitize-uri/-/micromark-util-sanitize-uri-2.0.1.tgz. Extracting by manifest.
1727 silly tarball no local data for mime-db@https://registry.npmmirror.com/mime-db/-/mime-db-1.54.0.tgz. Extracting by manifest.
1728 silly tarball no local data for micromark-util-resolve-all@https://registry.npmmirror.com/micromark-util-resolve-all/-/micromark-util-resolve-all-2.0.1.tgz. Extracting by manifest.
1729 silly tarball no local data for micromark-util-combine-extensions@https://registry.npmmirror.com/micromark-util-combine-extensions/-/micromark-util-combine-extensions-2.0.1.tgz. Extracting by manifest.
1730 silly tarball no local data for micromark-util-html-tag-name@https://registry.npmmirror.com/micromark-util-html-tag-name/-/micromark-util-html-tag-name-2.0.1.tgz. Extracting by manifest.
1731 silly tarball no local data for micromark-util-decode-string@https://registry.npmmirror.com/micromark-util-decode-string/-/micromark-util-decode-string-2.0.1.tgz. Extracting by manifest.
1732 silly tarball no local data for micromark-util-encode@https://registry.npmmirror.com/micromark-util-encode/-/micromark-util-encode-2.0.1.tgz. Extracting by manifest.
1733 silly tarball no local data for micromark-util-decode-numeric-character-reference@https://registry.npmmirror.com/micromark-util-decode-numeric-character-reference/-/micromark-util-decode-numeric-character-reference-2.0.2.tgz. Extracting by manifest.
1734 silly tarball no local data for micromark-util-character@https://registry.npmmirror.com/micromark-util-character/-/micromark-util-character-2.1.1.tgz. Extracting by manifest.
1735 silly tarball no local data for micromark-util-classify-character@https://registry.npmmirror.com/micromark-util-classify-character/-/micromark-util-classify-character-2.0.1.tgz. Extracting by manifest.
1736 silly tarball no local data for micromark-util-chunked@https://registry.npmmirror.com/micromark-util-chunked/-/micromark-util-chunked-2.0.1.tgz. Extracting by manifest.
1737 silly tarball no local data for micromark-factory-whitespace@https://registry.npmmirror.com/micromark-factory-whitespace/-/micromark-factory-whitespace-2.0.1.tgz. Extracting by manifest.
1738 silly tarball no local data for micromark-factory-title@https://registry.npmmirror.com/micromark-factory-title/-/micromark-factory-title-2.0.1.tgz. Extracting by manifest.
1739 silly tarball no local data for micromark-factory-space@https://registry.npmmirror.com/micromark-factory-space/-/micromark-factory-space-2.0.1.tgz. Extracting by manifest.
1740 silly tarball no local data for micromark-factory-destination@https://registry.npmmirror.com/micromark-factory-destination/-/micromark-factory-destination-2.0.1.tgz. Extracting by manifest.
1741 silly tarball no local data for micromark-factory-label@https://registry.npmmirror.com/micromark-factory-label/-/micromark-factory-label-2.0.1.tgz. Extracting by manifest.
1742 silly tarball no local data for micromark-extension-gfm-tagfilter@https://registry.npmmirror.com/micromark-extension-gfm-tagfilter/-/micromark-extension-gfm-tagfilter-2.0.0.tgz. Extracting by manifest.
1743 silly tarball no local data for micromark-extension-gfm-task-list-item@https://registry.npmmirror.com/micromark-extension-gfm-task-list-item/-/micromark-extension-gfm-task-list-item-2.1.0.tgz. Extracting by manifest.
1744 silly tarball no local data for micromark-extension-gfm-strikethrough@https://registry.npmmirror.com/micromark-extension-gfm-strikethrough/-/micromark-extension-gfm-strikethrough-2.1.0.tgz. Extracting by manifest.
1745 silly tarball no local data for micromark-extension-gfm-table@https://registry.npmmirror.com/micromark-extension-gfm-table/-/micromark-extension-gfm-table-2.1.2.tgz. Extracting by manifest.
1746 silly tarball no local data for micromark-extension-gfm@https://registry.npmmirror.com/micromark-extension-gfm/-/micromark-extension-gfm-3.0.0.tgz. Extracting by manifest.
1747 silly tarball no local data for micromark-extension-gfm-footnote@https://registry.npmmirror.com/micromark-extension-gfm-footnote/-/micromark-extension-gfm-footnote-2.1.0.tgz. Extracting by manifest.
1748 silly tarball no local data for micromark@https://registry.npmmirror.com/micromark/-/micromark-4.0.2.tgz. Extracting by manifest.
1749 silly tarball no local data for micromark-extension-gfm-autolink-literal@https://registry.npmmirror.com/micromark-extension-gfm-autolink-literal/-/micromark-extension-gfm-autolink-literal-2.1.0.tgz. Extracting by manifest.
1750 silly tarball no local data for micromark-core-commonmark@https://registry.npmmirror.com/micromark-core-commonmark/-/micromark-core-commonmark-2.0.3.tgz. Extracting by manifest.
1751 silly tarball no local data for media-typer@https://registry.npmmirror.com/media-typer/-/media-typer-1.1.1.tgz. Extracting by manifest.
1752 silly tarball no local data for mdast-util-to-markdown@https://registry.npmmirror.com/mdast-util-to-markdown/-/mdast-util-to-markdown-2.1.2.tgz. Extracting by manifest.
1753 silly tarball no local data for merge-descriptors@https://registry.npmmirror.com/merge-descriptors/-/merge-descriptors-2.0.0.tgz. Extracting by manifest.
1754 silly tarball no local data for mdast-util-to-string@https://registry.npmmirror.com/mdast-util-to-string/-/mdast-util-to-string-4.0.0.tgz. Extracting by manifest.
1755 silly tarball no local data for mdast-util-phrasing@https://registry.npmmirror.com/mdast-util-phrasing/-/mdast-util-phrasing-4.1.0.tgz. Extracting by manifest.
1756 silly tarball no local data for mdast-util-gfm-task-list-item@https://registry.npmmirror.com/mdast-util-gfm-task-list-item/-/mdast-util-gfm-task-list-item-2.0.0.tgz. Extracting by manifest.
1757 silly tarball no local data for mdast-util-gfm-strikethrough@https://registry.npmmirror.com/mdast-util-gfm-strikethrough/-/mdast-util-gfm-strikethrough-2.0.0.tgz. Extracting by manifest.
1758 silly tarball no local data for mdast-util-gfm@https://registry.npmmirror.com/mdast-util-gfm/-/mdast-util-gfm-3.1.0.tgz. Extracting by manifest.
1759 silly tarball no local data for mdast-util-gfm-table@https://registry.npmmirror.com/mdast-util-gfm-table/-/mdast-util-gfm-table-2.0.0.tgz. Extracting by manifest.
1760 silly tarball no local data for mdast-util-gfm-footnote@https://registry.npmmirror.com/mdast-util-gfm-footnote/-/mdast-util-gfm-footnote-2.1.0.tgz. Extracting by manifest.
1761 silly tarball no local data for mdast-util-from-markdown@https://registry.npmmirror.com/mdast-util-from-markdown/-/mdast-util-from-markdown-2.0.3.tgz. Extracting by manifest.
1762 silly tarball no local data for mdast-util-gfm-autolink-literal@https://registry.npmmirror.com/mdast-util-gfm-autolink-literal/-/mdast-util-gfm-autolink-literal-2.0.1.tgz. Extracting by manifest.
1763 silly tarball no local data for mdast-util-find-and-replace@https://registry.npmmirror.com/mdast-util-find-and-replace/-/mdast-util-find-and-replace-3.0.2.tgz. Extracting by manifest.
1764 silly tarball no local data for matcher@https://registry.npmmirror.com/matcher/-/matcher-4.0.0.tgz. Extracting by manifest.
1765 silly tarball no local data for math-intrinsics@https://registry.npmmirror.com/math-intrinsics/-/math-intrinsics-1.1.0.tgz. Extracting by manifest.
1766 silly tarball no local data for escape-string-regexp@https://registry.npmmirror.com/escape-string-regexp/-/escape-string-regexp-5.0.0.tgz. Extracting by manifest.
1767 silly tarball no local data for jsonfile@https://registry.npmmirror.com/jsonfile/-/jsonfile-6.2.1.tgz. Extracting by manifest.
1768 silly tarball no local data for markdown-table@https://registry.npmmirror.com/markdown-table/-/markdown-table-3.0.4.tgz. Extracting by manifest.
1769 silly tarball no local data for log-symbols@https://registry.npmmirror.com/log-symbols/-/log-symbols-7.0.1.tgz. Extracting by manifest.
1770 silly tarball no local data for json-schema-traverse@https://registry.npmmirror.com/json-schema-traverse/-/json-schema-traverse-1.0.0.tgz. Extracting by manifest.
1771 silly tarball no local data for longest-streak@https://registry.npmmirror.com/longest-streak/-/longest-streak-3.1.0.tgz. Extracting by manifest.
1772 silly tarball no local data for jose@https://registry.npmmirror.com/jose/-/jose-6.2.12.tgz. Extracting by manifest.
1773 silly tarball no local data for json5@https://registry.npmmirror.com/json5/-/json5-2.2.3.tgz. Extracting by manifest.
1774 silly tarball no local data for json-schema-typed@https://registry.npmmirror.com/json-schema-typed/-/json-schema-typed-8.0.2.tgz. Extracting by manifest.
1775 silly tarball no local data for isexe@https://registry.npmmirror.com/isexe/-/isexe-2.0.0.tgz. Extracting by manifest.
1776 silly tarball no local data for jieba-wasm@https://registry.npmmirror.com/jieba-wasm/-/jieba-wasm-2.4.0.tgz. Extracting by manifest.
1777 silly tarball no local data for is-stream@https://registry.npmmirror.com/is-stream/-/is-stream-4.0.1.tgz. Extracting by manifest.
1778 silly tarball no local data for isarray@https://registry.npmmirror.com/isarray/-/isarray-0.0.1.tgz. Extracting by manifest.
1779 silly tarball no local data for is-unicode-supported@https://registry.npmmirror.com/is-unicode-supported/-/is-unicode-supported-2.1.0.tgz. Extracting by manifest.
1780 silly tarball no local data for is-promise@https://registry.npmmirror.com/is-promise/-/is-promise-4.0.0.tgz. Extracting by manifest.
1781 silly tarball no local data for is-plain-obj@https://registry.npmmirror.com/is-plain-obj/-/is-plain-obj-4.1.0.tgz. Extracting by manifest.
1782 silly tarball no local data for is-interactive@https://registry.npmmirror.com/is-interactive/-/is-interactive-2.0.0.tgz. Extracting by manifest.
1783 silly tarball no local data for ipaddr.js@https://registry.npmmirror.com/ipaddr.js/-/ipaddr.js-1.9.1.tgz. Extracting by manifest.
1784 silly tarball no local data for human-signals@https://registry.npmmirror.com/human-signals/-/human-signals-8.0.1.tgz. Extracting by manifest.
1785 silly tarball no local data for https-proxy-agent@https://registry.npmmirror.com/https-proxy-agent/-/https-proxy-agent-5.0.1.tgz. Extracting by manifest.
1786 silly tarball no local data for if-async@https://registry.npmmirror.com/if-async/-/if-async-3.7.4.tgz. Extracting by manifest.
1787 silly tarball no local data for ip-address@https://registry.npmmirror.com/ip-address/-/ip-address-10.7.2.tgz. Extracting by manifest.
1788 silly tarball no local data for inherits@https://registry.npmmirror.com/inherits/-/inherits-2.0.4.tgz. Extracting by manifest.
1789 silly tarball no local data for iconv-lite@https://registry.npmmirror.com/iconv-lite/-/iconv-lite-0.7.3.tgz. Extracting by manifest.
1790 silly tarball no local data for has-tostringtag@https://registry.npmmirror.com/has-tostringtag/-/has-tostringtag-1.0.2.tgz. Extracting by manifest.
1791 silly tarball no local data for http-errors@https://registry.npmmirror.com/http-errors/-/http-errors-2.0.1.tgz. Extracting by manifest.
1792 silly tarball no local data for hono@https://registry.npmmirror.com/hono/-/hono-4.13.8.tgz. Extracting by manifest.
1793 silly tarball no local data for has-symbols@https://registry.npmmirror.com/has-symbols/-/has-symbols-1.1.0.tgz. Extracting by manifest.
1794 silly tarball no local data for has-property-descriptors@https://registry.npmmirror.com/has-property-descriptors/-/has-property-descriptors-1.0.2.tgz. Extracting by manifest.
1795 silly tarball no local data for graceful-fs@https://registry.npmmirror.com/graceful-fs/-/graceful-fs-4.2.11.tgz. Extracting by manifest.
1796 silly tarball no local data for hasown@https://registry.npmmirror.com/hasown/-/hasown-2.0.4.tgz. Extracting by manifest.
1797 silly tarball no local data for gopd@https://registry.npmmirror.com/gopd/-/gopd-1.2.0.tgz. Extracting by manifest.
1798 silly tarball no local data for global-agent@https://registry.npmmirror.com/global-agent/-/global-agent-4.1.3.tgz. Extracting by manifest.
1799 silly tarball no local data for globalthis@https://registry.npmmirror.com/globalthis/-/globalthis-1.0.4.tgz. Extracting by manifest.
1800 silly tarball no local data for get-stream@https://registry.npmmirror.com/get-stream/-/get-stream-9.0.1.tgz. Extracting by manifest.
1801 silly tarball no local data for function-bind@https://registry.npmmirror.com/function-bind/-/function-bind-1.1.2.tgz. Extracting by manifest.
1802 silly tarball no local data for get-east-asian-width@https://registry.npmmirror.com/get-east-asian-width/-/get-east-asian-width-1.7.0.tgz. Extracting by manifest.
1803 silly tarball no local data for get-intrinsic@https://registry.npmmirror.com/get-intrinsic/-/get-intrinsic-1.3.0.tgz. Extracting by manifest.
1804 silly tarball no local data for get-proto@https://registry.npmmirror.com/get-proto/-/get-proto-1.0.1.tgz. Extracting by manifest.
1805 silly tarball no local data for fs-extra@https://registry.npmmirror.com/fs-extra/-/fs-extra-11.4.0.tgz. Extracting by manifest.
1806 silly tarball no local data for fresh@https://registry.npmmirror.com/fresh/-/fresh-2.0.0.tgz. Extracting by manifest.
1807 silly tarball no local data for finalhandler@https://registry.npmmirror.com/finalhandler/-/finalhandler-2.1.1.tgz. Extracting by manifest.
1808 silly tarball no local data for mime-types@https://registry.npmmirror.com/mime-types/-/mime-types-2.1.35.tgz. Extracting by manifest.
1809 silly tarball no local data for form-data@https://registry.npmmirror.com/form-data/-/form-data-4.0.6.tgz. Extracting by manifest.
1810 silly tarball no local data for forwarded@https://registry.npmmirror.com/forwarded/-/forwarded-0.2.0.tgz. Extracting by manifest.
1811 silly tarball no local data for fast-deep-equal@https://registry.npmmirror.com/fast-deep-equal/-/fast-deep-equal-3.1.3.tgz. Extracting by manifest.
1812 silly tarball no local data for mime-db@https://registry.npmmirror.com/mime-db/-/mime-db-1.52.0.tgz. Extracting by manifest.
1813 silly tarball no local data for figures@https://registry.npmmirror.com/figures/-/figures-6.1.0.tgz. Extracting by manifest.
1814 silly tarball no local data for fast-uri@https://registry.npmmirror.com/fast-uri/-/fast-uri-3.1.8.tgz. Extracting by manifest.
1815 silly tarball no local data for follow-redirects@https://registry.npmmirror.com/follow-redirects/-/follow-redirects-1.16.0.tgz. Extracting by manifest.
1816 silly tarball no local data for express-rate-limit@https://registry.npmmirror.com/express-rate-limit/-/express-rate-limit-8.7.0.tgz. Extracting by manifest.
1817 silly tarball no local data for extend@https://registry.npmmirror.com/extend/-/extend-3.0.2.tgz. Extracting by manifest.
1818 silly tarball no local data for eventsource@https://registry.npmmirror.com/eventsource/-/eventsource-3.0.7.tgz. Extracting by manifest.
1819 silly tarball no local data for execa@https://registry.npmmirror.com/execa/-/execa-9.6.1.tgz. Extracting by manifest.
1820 silly tarball no local data for express@https://registry.npmmirror.com/express/-/express-5.2.1.tgz. Extracting by manifest.
1821 silly tarball no local data for eventsource-parser@https://registry.npmmirror.com/eventsource-parser/-/eventsource-parser-3.1.1.tgz. Extracting by manifest.
1822 silly tarball no local data for etag@https://registry.npmmirror.com/etag/-/etag-1.8.1.tgz. Extracting by manifest.
1823 silly tarball no local data for es-set-tostringtag@https://registry.npmmirror.com/es-set-tostringtag/-/es-set-tostringtag-2.1.0.tgz. Extracting by manifest.
1824 silly tarball no local data for es-object-atoms@https://registry.npmmirror.com/es-object-atoms/-/es-object-atoms-1.1.2.tgz. Extracting by manifest.
1825 silly tarball no local data for engine.io-parser@https://registry.npmmirror.com/engine.io-parser/-/engine.io-parser-5.2.3.tgz. Extracting by manifest.
1826 silly tarball no local data for escape-string-regexp@https://registry.npmmirror.com/escape-string-regexp/-/escape-string-regexp-4.0.0.tgz. Extracting by manifest.
1827 silly tarball no local data for escape-html@https://registry.npmmirror.com/escape-html/-/escape-html-1.0.3.tgz. Extracting by manifest.
1828 silly tarball no local data for engine.io-client@https://registry.npmmirror.com/engine.io-client/-/engine.io-client-6.6.6.tgz. Extracting by manifest.
1829 silly tarball no local data for es-errors@https://registry.npmmirror.com/es-errors/-/es-errors-1.3.0.tgz. Extracting by manifest.
1830 silly tarball no local data for es-define-property@https://registry.npmmirror.com/es-define-property/-/es-define-property-1.0.1.tgz. Extracting by manifest.
1831 silly tarball no local data for dunder-proto@https://registry.npmmirror.com/dunder-proto/-/dunder-proto-1.0.1.tgz. Extracting by manifest.
1832 silly tarball no local data for ee-first@https://registry.npmmirror.com/ee-first/-/ee-first-1.1.1.tgz. Extracting by manifest.
1833 silly tarball no local data for devlop@https://registry.npmmirror.com/devlop/-/devlop-1.1.0.tgz. Extracting by manifest.
1834 silly tarball no local data for encodeurl@https://registry.npmmirror.com/encodeurl/-/encodeurl-2.0.0.tgz. Extracting by manifest.
1835 silly tarball no local data for delayed-stream@https://registry.npmmirror.com/delayed-stream/-/delayed-stream-1.0.0.tgz. Extracting by manifest.
1836 silly tarball no local data for define-properties@https://registry.npmmirror.com/define-properties/-/define-properties-1.2.1.tgz. Extracting by manifest.
1837 silly tarball no local data for dequal@https://registry.npmmirror.com/dequal/-/dequal-2.0.3.tgz. Extracting by manifest.
1838 silly tarball no local data for depd@https://registry.npmmirror.com/depd/-/depd-2.0.0.tgz. Extracting by manifest.
1839 silly tarball no local data for define-data-property@https://registry.npmmirror.com/define-data-property/-/define-data-property-1.1.4.tgz. Extracting by manifest.
1840 silly tarball no local data for decode-named-character-reference@https://registry.npmmirror.com/decode-named-character-reference/-/decode-named-character-reference-1.3.0.tgz. Extracting by manifest.
1841 silly tarball no local data for debug@https://registry.npmmirror.com/debug/-/debug-4.4.3.tgz. Extracting by manifest.
1842 silly tarball no local data for cross-spawn@https://registry.npmmirror.com/cross-spawn/-/cross-spawn-7.0.6.tgz. Extracting by manifest.
1843 silly tarball no local data for core-util-is@https://registry.npmmirror.com/core-util-is/-/core-util-is-1.0.3.tgz. Extracting by manifest.
1844 silly tarball no local data for bytes@https://registry.npmmirror.com/bytes/-/bytes-3.1.2.tgz. Extracting by manifest.
1845 silly tarball no local data for cors@https://registry.npmmirror.com/cors/-/cors-2.8.6.tgz. Extracting by manifest.
1846 silly tarball no local data for cookie-signature@https://registry.npmmirror.com/cookie-signature/-/cookie-signature-1.2.2.tgz. Extracting by manifest.
1847 silly tarball no local data for cookie@https://registry.npmmirror.com/cookie/-/cookie-0.7.2.tgz. Extracting by manifest.
1848 silly tarball no local data for content-disposition@https://registry.npmmirror.com/content-disposition/-/content-disposition-1.1.0.tgz. Extracting by manifest.
1849 silly tarball no local data for commander@https://registry.npmmirror.com/commander/-/commander-13.1.0.tgz. Extracting by manifest.
1850 silly tarball no local data for cli-spinners@https://registry.npmmirror.com/cli-spinners/-/cli-spinners-3.4.0.tgz. Extracting by manifest.
1851 silly tarball no local data for combined-stream@https://registry.npmmirror.com/combined-stream/-/combined-stream-1.0.8.tgz. Extracting by manifest.
1852 silly tarball no local data for colorette@https://registry.npmmirror.com/colorette/-/colorette-2.0.20.tgz. Extracting by manifest.
1853 silly tarball no local data for character-entities@https://registry.npmmirror.com/character-entities/-/character-entities-2.0.2.tgz. Extracting by manifest.
1854 silly tarball no local data for cli-cursor@https://registry.npmmirror.com/cli-cursor/-/cli-cursor-5.0.0.tgz. Extracting by manifest.
1855 silly tarball no local data for content-type@https://registry.npmmirror.com/content-type/-/content-type-1.0.5.tgz. Extracting by manifest.
1856 silly tarball no local data for chalk@https://registry.npmmirror.com/chalk/-/chalk-5.6.2.tgz. Extracting by manifest.
1857 silly tarball no local data for call-bind-apply-helpers@https://registry.npmmirror.com/call-bind-apply-helpers/-/call-bind-apply-helpers-1.0.2.tgz. Extracting by manifest.
1858 silly tarball no local data for call-bound@https://registry.npmmirror.com/call-bound/-/call-bound-1.0.4.tgz. Extracting by manifest.
1859 silly tarball no local data for ccount@https://registry.npmmirror.com/ccount/-/ccount-2.0.1.tgz. Extracting by manifest.
1860 silly tarball no local data for bail@https://registry.npmmirror.com/bail/-/bail-2.0.2.tgz. Extracting by manifest.
1861 silly tarball no local data for body-parser@https://registry.npmmirror.com/body-parser/-/body-parser-2.3.0.tgz. Extracting by manifest.
1862 silly tarball no local data for asynckit@https://registry.npmmirror.com/asynckit/-/asynckit-0.4.0.tgz. Extracting by manifest.
1863 silly tarball no local data for ajv-formats@https://registry.npmmirror.com/ajv-formats/-/ajv-formats-3.0.1.tgz. Extracting by manifest.
1864 silly tarball no local data for content-type@https://registry.npmmirror.com/content-type/-/content-type-2.1.0.tgz. Extracting by manifest.
1865 silly tarball no local data for axios@https://registry.npmmirror.com/axios/-/axios-1.19.0.tgz. Extracting by manifest.
1866 silly tarball no local data for agent-base@https://registry.npmmirror.com/agent-base/-/agent-base-6.0.2.tgz. Extracting by manifest.
1867 silly tarball no local data for accepts@https://registry.npmmirror.com/accepts/-/accepts-2.0.0.tgz. Extracting by manifest.
1868 silly tarball no local data for ansi-regex@https://registry.npmmirror.com/ansi-regex/-/ansi-regex-6.3.0.tgz. Extracting by manifest.
1869 silly tarball no local data for adm-zip@https://registry.npmmirror.com/adm-zip/-/adm-zip-0.6.0.tgz. Extracting by manifest.
1870 silly tarball no local data for ajv@https://registry.npmmirror.com/ajv/-/ajv-8.20.0.tgz. Extracting by manifest.
1871 http fetch GET 200 https://cdn.npmmirror.com/packages/yoctocolors/2.2.0/yoctocolors-2.2.0.tgz 426ms (cache miss)
1872 http fetch GET 200 https://cdn.npmmirror.com/packages/%40types/mdast/4.0.4/mdast-4.0.4.tgz 433ms (cache miss)
1873 http fetch GET 200 https://cdn.npmmirror.com/packages/%40types/debug/4.1.13/debug-4.1.13.tgz 440ms (cache miss)
1874 http fetch GET 200 https://cdn.npmmirror.com/packages/%40types/unist/3.0.3/unist-3.0.3.tgz 440ms (cache miss)
1875 http fetch GET 200 https://cdn.npmmirror.com/packages/%40sindresorhus/merge-streams/4.0.0/merge-streams-4.0.0.tgz 441ms (cache miss)
1876 http fetch GET 200 https://cdn.npmmirror.com/packages/yocto-queue/1.2.2/yocto-queue-1.2.2.tgz 446ms (cache miss)
1877 http fetch GET 200 https://cdn.npmmirror.com/packages/zwitch/2.0.4/zwitch-2.0.4.tgz 461ms (cache miss)
1878 http fetch GET 200 https://cdn.npmmirror.com/packages/%40types/ms/2.1.0/ms-2.1.0.tgz 479ms (cache miss)
1879 http fetch GET 200 https://cdn.npmmirror.com/packages/universalify/2.0.1/universalify-2.0.1.tgz 495ms (cache miss)
1880 http fetch GET 200 https://cdn.npmmirror.com/packages/wrappy/1.0.2/wrappy-1.0.2.tgz 498ms (cache miss)
1881 http fetch GET 200 https://cdn.npmmirror.com/packages/which/2.0.2/which-2.0.2.tgz 532ms (cache miss)
1882 http fetch GET 200 https://cdn.npmmirror.com/packages/yauzl/3.4.0/yauzl-3.4.0.tgz 563ms (cache miss)
1883 http fetch GET 200 https://cdn.npmmirror.com/packages/unist-util-visit-parents/6.0.2/unist-util-visit-parents-6.0.2.tgz 564ms (cache miss)
1884 http fetch GET 200 https://cdn.npmmirror.com/packages/vfile-message/4.0.3/vfile-message-4.0.3.tgz 569ms (cache miss)
1885 http fetch GET 200 https://cdn.npmmirror.com/packages/xmlhttprequest-ssl/2.1.2/xmlhttprequest-ssl-2.1.2.tgz 572ms (cache miss)
1886 http fetch GET 200 https://cdn.npmmirror.com/packages/unist-util-stringify-position/4.0.0/unist-util-stringify-position-4.0.0.tgz 585ms (cache miss)
1887 http fetch GET 200 https://cdn.npmmirror.com/packages/%40deveco/deveco-code/0.1.12/deveco-code-0.1.12.tgz 599ms (cache miss)
1888 http fetch GET 200 https://cdn.npmmirror.com/packages/vary/1.1.2/vary-1.1.2.tgz 587ms (cache miss)
1889 http fetch GET 200 https://cdn.npmmirror.com/packages/through2/0.6.5/through2-0.6.5.tgz 586ms (cache miss)
1890 http fetch GET 200 https://cdn.npmmirror.com/packages/unpipe/1.0.0/unpipe-1.0.0.tgz 590ms (cache miss)
1891 http fetch GET 200 https://cdn.npmmirror.com/packages/xtend/4.0.2/xtend-4.0.2.tgz 598ms (cache miss)
1892 http fetch GET 200 https://cdn.npmmirror.com/packages/type-is/2.1.0/type-is-2.1.0.tgz 595ms (cache miss)
1893 http fetch GET 200 https://cdn.npmmirror.com/packages/strip-ansi/7.2.0/strip-ansi-7.2.0.tgz 597ms (cache miss)
1894 http fetch GET 200 https://cdn.npmmirror.com/packages/content-type/2.1.0/content-type-2.1.0.tgz 609ms (cache miss)
1895 http fetch GET 200 https://cdn.npmmirror.com/packages/%40socket.io/component-emitter/3.1.2/component-emitter-3.1.2.tgz 621ms (cache miss)
1896 http fetch GET 200 https://cdn.npmmirror.com/packages/unist-util-visit/5.1.0/unist-util-visit-5.1.0.tgz 622ms (cache miss)
1897 http fetch GET 200 https://cdn.npmmirror.com/packages/trough/2.2.0/trough-2.2.0.tgz 626ms (cache miss)
1898 http fetch GET 200 https://cdn.npmmirror.com/packages/unified/11.0.5/unified-11.0.5.tgz 642ms (cache miss)
1899 http fetch GET 200 https://cdn.npmmirror.com/packages/unist-util-is/6.0.1/unist-util-is-6.0.1.tgz 737ms (cache miss)
1900 http fetch GET 200 https://cdn.npmmirror.com/packages/stdin-discarder/0.3.2/stdin-discarder-0.3.2.tgz 738ms (cache miss)
1901 http fetch GET 200 https://cdn.npmmirror.com/packages/strip-final-newline/4.0.0/strip-final-newline-4.0.0.tgz 745ms (cache miss)
1902 http fetch GET 200 https://cdn.npmmirror.com/packages/side-channel-map/1.0.1/side-channel-map-1.0.1.tgz 740ms (cache miss)
1903 http fetch GET 200 https://cdn.npmmirror.com/packages/stream-slicer/0.0.6/stream-slicer-0.0.6.tgz 754ms (cache miss)
1904 http fetch GET 200 https://cdn.npmmirror.com/packages/string_decoder/0.10.31/string_decoder-0.10.31.tgz 755ms (cache miss)
1905 http fetch GET 200 https://cdn.npmmirror.com/packages/ws/8.21.3/ws-8.21.3.tgz 767ms (cache miss)
1906 http fetch GET 200 https://cdn.npmmirror.com/packages/toidentifier/1.0.1/toidentifier-1.0.1.tgz 769ms (cache miss)
1907 http fetch GET 200 https://cdn.npmmirror.com/packages/unicorn-magic/0.3.0/unicorn-magic-0.3.0.tgz 805ms (cache miss)
1908 http fetch GET 200 https://cdn.npmmirror.com/packages/shebang-regex/3.0.0/shebang-regex-3.0.0.tgz 795ms (cache miss)
1909 http fetch GET 200 https://cdn.npmmirror.com/packages/string-width/8.2.2/string-width-8.2.2.tgz 806ms (cache miss)
1910 http fetch GET 200 https://cdn.npmmirror.com/packages/send/1.2.1/send-1.2.1.tgz 801ms (cache miss)
1911 http fetch GET 200 https://cdn.npmmirror.com/packages/side-channel-list/1.0.1/side-channel-list-1.0.1.tgz 804ms (cache miss)
1912 http fetch GET 200 https://cdn.npmmirror.com/packages/serve-static/2.2.1/serve-static-2.2.1.tgz 808ms (cache miss)
1913 http fetch GET 200 https://cdn.npmmirror.com/packages/setprototypeof/1.2.0/setprototypeof-1.2.0.tgz 814ms (cache miss)
1914 http fetch GET 200 https://cdn.npmmirror.com/packages/serialize-error/8.1.0/serialize-error-8.1.0.tgz 844ms (cache miss)
1915 http fetch GET 200 https://cdn.npmmirror.com/packages/require-from-string/2.0.2/require-from-string-2.0.2.tgz 849ms (cache miss)
1916 http fetch GET 200 https://cdn.npmmirror.com/packages/restore-cursor/5.1.0/restore-cursor-5.1.0.tgz 852ms (cache miss)
1917 http fetch GET 200 https://cdn.npmmirror.com/packages/remark-parse/11.0.0/remark-parse-11.0.0.tgz 860ms (cache miss)
1918 http fetch GET 200 https://cdn.npmmirror.com/packages/safer-buffer/2.1.2/safer-buffer-2.1.2.tgz 864ms (cache miss)
1919 http fetch GET 200 https://cdn.npmmirror.com/packages/path-key/3.1.1/path-key-3.1.1.tgz 885ms (cache miss)
1920 http fetch GET 200 https://cdn.npmmirror.com/packages/router/2.2.0/router-2.2.0.tgz 898ms (cache miss)
1921 http fetch GET 200 https://cdn.npmmirror.com/packages/statuses/2.0.2/statuses-2.0.2.tgz 907ms (cache miss)
1922 http fetch GET 200 https://cdn.npmmirror.com/packages/shebang-command/2.0.0/shebang-command-2.0.0.tgz 908ms (cache miss)
1923 http fetch GET 200 https://cdn.npmmirror.com/packages/pend/1.2.0/pend-1.2.0.tgz 901ms (cache miss)
1924 http fetch GET 200 https://cdn.npmmirror.com/packages/onetime/7.0.0/onetime-7.0.0.tgz 904ms (cache miss)
1925 http fetch GET 200 https://cdn.npmmirror.com/packages/pretty-ms/9.3.1/pretty-ms-9.3.1.tgz 906ms (cache miss)
1926 http fetch GET 200 https://cdn.npmmirror.com/packages/signal-exit/3.0.7/signal-exit-3.0.7.tgz 913ms (cache miss)
1927 http fetch GET 200 https://cdn.npmmirror.com/packages/parseurl/1.3.3/parseurl-1.3.3.tgz 912ms (cache miss)
1928 http fetch GET 200 https://cdn.npmmirror.com/packages/proxy-addr/2.0.8/proxy-addr-2.0.8.tgz 918ms (cache miss)
1929 http fetch GET 200 https://cdn.npmmirror.com/packages/remark-stringify/11.0.0/remark-stringify-11.0.0.tgz 933ms (cache miss)
1930 http fetch GET 200 https://cdn.npmmirror.com/packages/raw-body/3.0.2/raw-body-3.0.2.tgz 935ms (cache miss)
1931 http fetch GET 200 https://cdn.npmmirror.com/packages/range-parser/1.3.0/range-parser-1.3.0.tgz 957ms (cache miss)
1932 http fetch GET 200 https://cdn.npmmirror.com/packages/remark-gfm/4.0.1/remark-gfm-4.0.1.tgz 968ms (cache miss)
1933 http fetch GET 200 https://cdn.npmmirror.com/packages/proxy-from-env/2.1.0/proxy-from-env-2.1.0.tgz 969ms (cache miss)
1934 http fetch GET 200 https://cdn.npmmirror.com/packages/side-channel-weakmap/1.0.2/side-channel-weakmap-1.0.2.tgz 984ms (cache miss)
1935 http fetch GET 200 https://cdn.npmmirror.com/packages/npm-run-path/6.0.0/npm-run-path-6.0.0.tgz 967ms (cache miss)
1936 http fetch GET 200 https://cdn.npmmirror.com/packages/object-assign/4.1.1/object-assign-4.1.1.tgz 966ms (cache miss)
1937 http fetch GET 200 https://cdn.npmmirror.com/packages/ora/9.4.1/ora-9.4.1.tgz 969ms (cache miss)
1938 http fetch GET 200 https://cdn.npmmirror.com/packages/on-finished/2.4.1/on-finished-2.4.1.tgz 975ms (cache miss)
1939 http fetch GET 200 https://cdn.npmmirror.com/packages/object-keys/1.1.1/object-keys-1.1.1.tgz 973ms (cache miss)
1940 http fetch GET 200 https://cdn.npmmirror.com/packages/%40sec-ant/readable-stream/0.4.1/readable-stream-0.4.1.tgz 1019ms (cache miss)
1941 http fetch GET 200 https://cdn.npmmirror.com/packages/path-to-regexp/8.4.2/path-to-regexp-8.4.2.tgz 995ms (cache miss)
1942 http fetch GET 200 https://cdn.npmmirror.com/packages/once/1.4.0/once-1.4.0.tgz 992ms (cache miss)
1943 http fetch GET 200 https://cdn.npmmirror.com/packages/negotiator/1.1.0/negotiator-1.1.0.tgz 990ms (cache miss)
1944 http fetch GET 200 https://cdn.npmmirror.com/packages/p-limit/5.0.0/p-limit-5.0.0.tgz 998ms (cache miss)
1945 http fetch GET 200 https://cdn.npmmirror.com/packages/mimic-function/5.0.1/mimic-function-5.0.1.tgz 995ms (cache miss)
1946 http fetch GET 200 https://cdn.npmmirror.com/packages/side-channel/1.1.1/side-channel-1.1.1.tgz 1028ms (cache miss)
1947 http fetch GET 200 https://cdn.npmmirror.com/packages/parse-ms/4.0.0/parse-ms-4.0.0.tgz 1012ms (cache miss)
1948 http fetch GET 200 https://cdn.npmmirror.com/packages/path-key/4.0.0/path-key-4.0.0.tgz 1013ms (cache miss)
1949 http cache https://cdn.npmmirror.com/packages/content-type/2.1.0/content-type-2.1.0.tgz 1012ms (cache hit)
1950 http fetch GET 200 https://cdn.npmmirror.com/packages/%40hono/node-server/2.1.1/node-server-2.1.1.tgz 1073ms (cache miss)
1951 http fetch GET 200 https://cdn.npmmirror.com/packages/vfile/6.0.3/vfile-6.0.3.tgz 1081ms (cache miss)
1952 http fetch GET 200 https://cdn.npmmirror.com/packages/proper-lockfile/4.1.2/proper-lockfile-4.1.2.tgz 1059ms (cache miss)
1953 http fetch GET 200 https://cdn.npmmirror.com/packages/micromark-util-normalize-identifier/2.0.1/micromark-util-normalize-identifier-2.0.1.tgz 1057ms (cache miss)
1954 http fetch GET 200 https://cdn.npmmirror.com/packages/micromark-util-sanitize-uri/2.0.1/micromark-util-sanitize-uri-2.0.1.tgz 1057ms (cache miss)
1955 http fetch GET 200 https://cdn.npmmirror.com/packages/micromark-util-html-tag-name/2.0.1/micromark-util-html-tag-name-2.0.1.tgz 1061ms (cache miss)
1956 http fetch GET 200 https://cdn.npmmirror.com/packages/ms/2.1.3/ms-2.1.3.tgz 1067ms (cache miss)
1957 http fetch GET 200 https://cdn.npmmirror.com/packages/micromark-util-encode/2.0.1/micromark-util-encode-2.0.1.tgz 1093ms (cache miss)
1958 http fetch GET 200 https://cdn.npmmirror.com/packages/micromark-util-decode-numeric-character-reference/2.0.2/micromark-util-decode-numeric-character-reference-2.0.2.tgz 1093ms (cache miss)
1959 http fetch GET 200 https://cdn.npmmirror.com/packages/mime-types/3.0.2/mime-types-3.0.2.tgz 1108ms (cache miss)
1960 http fetch GET 200 https://cdn.npmmirror.com/packages/micromark-util-combine-extensions/2.0.1/micromark-util-combine-extensions-2.0.1.tgz 1100ms (cache miss)
1961 http fetch GET 200 https://cdn.npmmirror.com/packages/micromark-util-types/2.0.2/micromark-util-types-2.0.2.tgz 1103ms (cache miss)
1962 http fetch GET 200 https://cdn.npmmirror.com/packages/socket.io-parser/4.2.7/socket.io-parser-4.2.7.tgz 1152ms (cache miss)
1963 http fetch GET 200 https://cdn.npmmirror.com/packages/pkce-challenge/5.0.1/pkce-challenge-5.0.1.tgz 1140ms (cache miss)
1964 http fetch GET 200 https://cdn.npmmirror.com/packages/micromark-util-resolve-all/2.0.1/micromark-util-resolve-all-2.0.1.tgz 1143ms (cache miss)
1965 http fetch GET 200 https://cdn.npmmirror.com/packages/micromark-util-chunked/2.0.1/micromark-util-chunked-2.0.1.tgz 1148ms (cache miss)
1966 http fetch GET 200 https://cdn.npmmirror.com/packages/readable-stream/1.0.34/readable-stream-1.0.34.tgz 1208ms (cache miss)
1967 http fetch GET 200 https://cdn.npmmirror.com/packages/mime-db/1.54.0/mime-db-1.54.0.tgz 1217ms (cache miss)
1968 http fetch GET 200 https://cdn.npmmirror.com/packages/micromark-factory-whitespace/2.0.1/micromark-factory-whitespace-2.0.1.tgz 1218ms (cache miss)
1969 http fetch GET 200 https://cdn.npmmirror.com/packages/micromark-extension-gfm-task-list-item/2.1.0/micromark-extension-gfm-task-list-item-2.1.0.tgz 1230ms (cache miss)
1970 http fetch GET 200 https://cdn.npmmirror.com/packages/micromark-extension-gfm/3.0.0/micromark-extension-gfm-3.0.0.tgz 1239ms (cache miss)
1971 http fetch GET 200 https://cdn.npmmirror.com/packages/media-typer/1.1.1/media-typer-1.1.1.tgz 1285ms (cache miss)
1972 http fetch GET 200 https://cdn.npmmirror.com/packages/mdast-util-gfm/3.1.0/mdast-util-gfm-3.1.0.tgz 1300ms (cache miss)
1973 http fetch GET 200 https://cdn.npmmirror.com/packages/retry/0.12.0/retry-0.12.0.tgz 1342ms (cache miss)
1974 http fetch GET 200 https://cdn.npmmirror.com/packages/micromark-util-decode-string/2.0.1/micromark-util-decode-string-2.0.1.tgz 1323ms (cache miss)
1975 http fetch GET 200 https://cdn.npmmirror.com/packages/micromark-util-classify-character/2.0.1/micromark-util-classify-character-2.0.1.tgz 1334ms (cache miss)
1976 http fetch GET 200 https://cdn.npmmirror.com/packages/micromark-extension-gfm-tagfilter/2.0.0/micromark-extension-gfm-tagfilter-2.0.0.tgz 1334ms (cache miss)
1977 http fetch GET 200 https://cdn.npmmirror.com/packages/merge-descriptors/2.0.0/merge-descriptors-2.0.0.tgz 1331ms (cache miss)
1978 http fetch GET 200 https://cdn.npmmirror.com/packages/micromark-util-character/2.1.1/micromark-util-character-2.1.1.tgz 1355ms (cache miss)
1979 http fetch GET 200 https://cdn.npmmirror.com/packages/longest-streak/3.1.0/longest-streak-3.1.0.tgz 1362ms (cache miss)
1980 http fetch GET 200 https://cdn.npmmirror.com/packages/log-symbols/7.0.1/log-symbols-7.0.1.tgz 1368ms (cache miss)
1981 http fetch GET 200 https://cdn.npmmirror.com/packages/matcher/4.0.0/matcher-4.0.0.tgz 1371ms (cache miss)
1982 http fetch GET 200 https://cdn.npmmirror.com/packages/markdown-table/3.0.4/markdown-table-3.0.4.tgz 1389ms (cache miss)
1983 http fetch GET 200 https://cdn.npmmirror.com/packages/micromark-factory-space/2.0.1/micromark-factory-space-2.0.1.tgz 1406ms (cache miss)
1984 http fetch GET 200 https://cdn.npmmirror.com/packages/escape-string-regexp/5.0.0/escape-string-regexp-5.0.0.tgz 1396ms (cache miss)
1985 http fetch GET 200 https://cdn.npmmirror.com/packages/mdast-util-to-string/4.0.0/mdast-util-to-string-4.0.0.tgz 1401ms (cache miss)
1986 http fetch GET 200 https://cdn.npmmirror.com/packages/smol-toml/1.8.0/smol-toml-1.8.0.tgz 1440ms (cache miss)
1987 http fetch GET 200 https://cdn.npmmirror.com/packages/micromark-factory-title/2.0.1/micromark-factory-title-2.0.1.tgz 1410ms (cache miss)
1988 http fetch GET 200 https://cdn.npmmirror.com/packages/isexe/2.0.0/isexe-2.0.0.tgz 1395ms (cache miss)
1989 http fetch GET 200 https://cdn.npmmirror.com/packages/jsonfile/6.2.1/jsonfile-6.2.1.tgz 1399ms (cache miss)
1990 http fetch GET 200 https://cdn.npmmirror.com/packages/micromark-factory-destination/2.0.1/micromark-factory-destination-2.0.1.tgz 1411ms (cache miss)
1991 http fetch GET 200 https://cdn.npmmirror.com/packages/mdast-util-gfm-task-list-item/2.0.0/mdast-util-gfm-task-list-item-2.0.0.tgz 1440ms (cache miss)
1992 http fetch GET 200 https://cdn.npmmirror.com/packages/mdast-util-phrasing/4.1.0/mdast-util-phrasing-4.1.0.tgz 1442ms (cache miss)
1993 http fetch GET 200 https://cdn.npmmirror.com/packages/mdast-util-gfm-strikethrough/2.0.0/mdast-util-gfm-strikethrough-2.0.0.tgz 1442ms (cache miss)
1994 http fetch GET 200 https://cdn.npmmirror.com/packages/micromark-factory-label/2.0.1/micromark-factory-label-2.0.1.tgz 1455ms (cache miss)
1995 http fetch GET 200 https://cdn.npmmirror.com/packages/mdast-util-gfm-table/2.0.0/mdast-util-gfm-table-2.0.0.tgz 1463ms (cache miss)
1996 http fetch GET 200 https://cdn.npmmirror.com/packages/is-promise/4.0.0/is-promise-4.0.0.tgz 1457ms (cache miss)
1997 http fetch GET 200 https://cdn.npmmirror.com/packages/isarray/0.0.1/isarray-0.0.1.tgz 1464ms (cache miss)
1998 http fetch GET 200 https://cdn.npmmirror.com/packages/is-unicode-supported/2.1.0/is-unicode-supported-2.1.0.tgz 1474ms (cache miss)
1999 http fetch GET 200 https://cdn.npmmirror.com/packages/is-plain-obj/4.1.0/is-plain-obj-4.1.0.tgz 1478ms (cache miss)
2000 http fetch GET 200 https://cdn.npmmirror.com/packages/mdast-util-gfm-footnote/2.1.0/mdast-util-gfm-footnote-2.1.0.tgz 1489ms (cache miss)
2001 http fetch GET 200 https://cdn.npmmirror.com/packages/mdast-util-gfm-autolink-literal/2.0.1/mdast-util-gfm-autolink-literal-2.0.1.tgz 1493ms (cache miss)
2002 http fetch GET 200 https://cdn.npmmirror.com/packages/is-stream/4.0.1/is-stream-4.0.1.tgz 1486ms (cache miss)
2003 http fetch GET 200 https://cdn.npmmirror.com/packages/is-interactive/2.0.0/is-interactive-2.0.0.tgz 1493ms (cache miss)
2004 http fetch GET 200 https://cdn.npmmirror.com/packages/inherits/2.0.4/inherits-2.0.4.tgz 1547ms (cache miss)
2005 http fetch GET 200 https://cdn.npmmirror.com/packages/micromark-util-subtokenize/2.1.0/micromark-util-subtokenize-2.1.0.tgz 1580ms (cache miss)
2006 http fetch GET 200 https://cdn.npmmirror.com/packages/hasown/2.0.4/hasown-2.0.4.tgz 1552ms (cache miss)
2007 http fetch GET 200 https://cdn.npmmirror.com/packages/has-tostringtag/1.0.2/has-tostringtag-1.0.2.tgz 1558ms (cache miss)
2008 http fetch GET 200 https://cdn.npmmirror.com/packages/ipaddr.js/1.9.1/ipaddr.js-1.9.1.tgz 1571ms (cache miss)
2009 http fetch GET 200 https://cdn.npmmirror.com/packages/http-errors/2.0.1/http-errors-2.0.1.tgz 1590ms (cache miss)
2010 http fetch GET 200 https://cdn.npmmirror.com/packages/if-async/3.7.4/if-async-3.7.4.tgz 1605ms (cache miss)
2011 http fetch GET 200 https://cdn.npmmirror.com/packages/mdast-util-find-and-replace/3.0.2/mdast-util-find-and-replace-3.0.2.tgz 1658ms (cache miss)
2012 http fetch GET 200 https://cdn.npmmirror.com/packages/graceful-fs/4.2.11/graceful-fs-4.2.11.tgz 1652ms (cache miss)
2013 http fetch GET 200 https://cdn.npmmirror.com/packages/fresh/2.0.0/fresh-2.0.0.tgz 1660ms (cache miss)
2014 http fetch GET 200 https://cdn.npmmirror.com/packages/finalhandler/2.1.1/finalhandler-2.1.1.tgz 1660ms (cache miss)
2015 http fetch GET 200 https://cdn.npmmirror.com/packages/forwarded/0.2.0/forwarded-0.2.0.tgz 1665ms (cache miss)
2016 http fetch GET 200 https://cdn.npmmirror.com/packages/json-schema-typed/8.0.2/json-schema-typed-8.0.2.tgz 1690ms (cache miss)
2017 http fetch GET 200 https://cdn.npmmirror.com/packages/mime-types/2.1.35/mime-types-2.1.35.tgz 1700ms (cache miss)
2018 http fetch GET 200 https://cdn.npmmirror.com/packages/etag/1.8.1/etag-1.8.1.tgz 1778ms (cache miss)
2019 http fetch GET 200 https://cdn.npmmirror.com/packages/has-property-descriptors/1.0.2/has-property-descriptors-1.0.2.tgz 1796ms (cache miss)
2020 http fetch GET 200 https://cdn.npmmirror.com/packages/figures/6.1.0/figures-6.1.0.tgz 1797ms (cache miss)
2021 http fetch GET 200 https://cdn.npmmirror.com/packages/escape-string-regexp/4.0.0/escape-string-regexp-4.0.0.tgz 1796ms (cache miss)
2022 http fetch GET 200 https://cdn.npmmirror.com/packages/qs/6.16.0/qs-6.16.0.tgz 1864ms (cache miss)
2023 http fetch GET 200 https://cdn.npmmirror.com/packages/get-east-asian-width/1.7.0/get-east-asian-width-1.7.0.tgz 1842ms (cache miss)
2024 http fetch GET 200 https://cdn.npmmirror.com/packages/json-schema-traverse/1.0.0/json-schema-traverse-1.0.0.tgz 1857ms (cache miss)
2025 http fetch GET 200 https://cdn.npmmirror.com/packages/es-errors/1.3.0/es-errors-1.3.0.tgz 1832ms (cache miss)
2026 http fetch GET 200 https://cdn.npmmirror.com/packages/micromark-util-symbol/2.0.1/micromark-util-symbol-2.0.1.tgz 1882ms (cache miss)
2027 http fetch GET 200 https://cdn.npmmirror.com/packages/escape-html/1.0.3/escape-html-1.0.3.tgz 1838ms (cache miss)
2028 http fetch GET 200 https://cdn.npmmirror.com/packages/human-signals/8.0.1/human-signals-8.0.1.tgz 1865ms (cache miss)
2029 http fetch GET 200 https://cdn.npmmirror.com/packages/dunder-proto/1.0.1/dunder-proto-1.0.1.tgz 1845ms (cache miss)
2030 http fetch GET 200 https://cdn.npmmirror.com/packages/micromark-extension-gfm-strikethrough/2.1.0/micromark-extension-gfm-strikethrough-2.1.0.tgz 1892ms (cache miss)
2031 http fetch GET 200 https://cdn.npmmirror.com/packages/ee-first/1.1.1/ee-first-1.1.1.tgz 1860ms (cache miss)
2032 http fetch GET 200 https://cdn.npmmirror.com/packages/encodeurl/2.0.0/encodeurl-2.0.0.tgz 1860ms (cache miss)
2033 http fetch GET 200 https://cdn.npmmirror.com/packages/devlop/1.1.0/devlop-1.1.0.tgz 1866ms (cache miss)
2034 http fetch GET 200 https://cdn.npmmirror.com/packages/decode-named-character-reference/1.3.0/decode-named-character-reference-1.3.0.tgz 1863ms (cache miss)
2035 http fetch GET 200 https://cdn.npmmirror.com/packages/gopd/1.2.0/gopd-1.2.0.tgz 1892ms (cache miss)
2036 http fetch GET 200 https://cdn.npmmirror.com/packages/follow-redirects/1.16.0/follow-redirects-1.16.0.tgz 1886ms (cache miss)
2037 http fetch GET 200 https://cdn.npmmirror.com/packages/define-properties/1.2.1/define-properties-1.2.1.tgz 1877ms (cache miss)
2038 http fetch GET 200 https://cdn.npmmirror.com/packages/dequal/2.0.3/dequal-2.0.3.tgz 1876ms (cache miss)
2039 http fetch GET 200 https://cdn.npmmirror.com/packages/core-util-is/1.0.3/core-util-is-1.0.3.tgz 1875ms (cache miss)
2040 http fetch GET 200 https://cdn.npmmirror.com/packages/get-intrinsic/1.3.0/get-intrinsic-1.3.0.tgz 1895ms (cache miss)
2041 http fetch GET 200 https://cdn.npmmirror.com/packages/delayed-stream/1.0.0/delayed-stream-1.0.0.tgz 1882ms (cache miss)
2042 http fetch GET 200 https://cdn.npmmirror.com/packages/mime-db/1.52.0/mime-db-1.52.0.tgz 1898ms (cache miss)
2043 http fetch GET 200 https://cdn.npmmirror.com/packages/cors/2.8.6/cors-2.8.6.tgz 1891ms (cache miss)
2044 http fetch GET 200 https://cdn.npmmirror.com/packages/content-disposition/1.1.0/content-disposition-1.1.0.tgz 1902ms (cache miss)
2045 http fetch GET 200 https://cdn.npmmirror.com/packages/cookie-signature/1.2.2/cookie-signature-1.2.2.tgz 1909ms (cache miss)
2046 http fetch GET 200 https://cdn.npmmirror.com/packages/bytes/3.1.2/bytes-3.1.2.tgz 1911ms (cache miss)
2047 http fetch GET 200 https://cdn.npmmirror.com/packages/micromark-extension-gfm-autolink-literal/2.1.0/micromark-extension-gfm-autolink-literal-2.1.0.tgz 1954ms (cache miss)
2048 http fetch GET 200 https://cdn.npmmirror.com/packages/combined-stream/1.0.8/combined-stream-1.0.8.tgz 1917ms (cache miss)
2049 http fetch GET 200 https://cdn.npmmirror.com/packages/call-bound/1.0.4/call-bound-1.0.4.tgz 1916ms (cache miss)
2050 http fetch GET 200 https://cdn.npmmirror.com/packages/cookie/0.7.2/cookie-0.7.2.tgz 1925ms (cache miss)
2051 http fetch GET 200 https://cdn.npmmirror.com/packages/form-data/4.0.6/form-data-4.0.6.tgz 1947ms (cache miss)
2052 http fetch GET 200 https://cdn.npmmirror.com/packages/https-proxy-agent/5.0.1/https-proxy-agent-5.0.1.tgz 1958ms (cache miss)
2053 http fetch GET 200 https://cdn.npmmirror.com/packages/cli-cursor/5.0.0/cli-cursor-5.0.0.tgz 1936ms (cache miss)
2054 http fetch GET 200 https://cdn.npmmirror.com/packages/extend/3.0.2/extend-3.0.2.tgz 1954ms (cache miss)
2055 http fetch GET 200 https://cdn.npmmirror.com/packages/chalk/5.6.2/chalk-5.6.2.tgz 1942ms (cache miss)
2056 http cache https://cdn.npmmirror.com/packages/content-type/2.1.0/content-type-2.1.0.tgz 1941ms (cache hit)
2057 http fetch GET 200 https://cdn.npmmirror.com/packages/ccount/2.0.1/ccount-2.0.1.tgz 1947ms (cache miss)
2058 http fetch GET 200 https://cdn.npmmirror.com/packages/content-type/1.0.5/content-type-1.0.5.tgz 1950ms (cache miss)
2059 http fetch GET 200 https://cdn.npmmirror.com/packages/depd/2.0.0/depd-2.0.0.tgz 1961ms (cache miss)
2060 http fetch GET 200 https://cdn.npmmirror.com/packages/function-bind/1.1.2/function-bind-1.1.2.tgz 1981ms (cache miss)
2061 http fetch GET 200 https://cdn.npmmirror.com/packages/character-entities/2.0.2/character-entities-2.0.2.tgz 1961ms (cache miss)
2062 http fetch GET 200 https://cdn.npmmirror.com/packages/type-fest/0.20.2/type-fest-0.20.2.tgz 2049ms (cache miss)
2063 http fetch GET 200 https://cdn.npmmirror.com/packages/colorette/2.0.20/colorette-2.0.20.tgz 1968ms (cache miss)
2064 http fetch GET 200 https://cdn.npmmirror.com/packages/fast-deep-equal/3.1.3/fast-deep-equal-3.1.3.tgz 1988ms (cache miss)
2065 http fetch GET 200 https://cdn.npmmirror.com/packages/es-set-tostringtag/2.1.0/es-set-tostringtag-2.1.0.tgz 1983ms (cache miss)
2066 http fetch GET 200 https://cdn.npmmirror.com/packages/micromark-extension-gfm-footnote/2.1.0/micromark-extension-gfm-footnote-2.1.0.tgz 2022ms (cache miss)
2067 http fetch GET 200 https://cdn.npmmirror.com/packages/accepts/2.0.0/accepts-2.0.0.tgz 1976ms (cache miss)
2068 http fetch GET 200 https://cdn.npmmirror.com/packages/debug/4.4.3/debug-4.4.3.tgz 1999ms (cache miss)
2069 http fetch GET 200 https://cdn.npmmirror.com/packages/ansi-regex/6.3.0/ansi-regex-6.3.0.tgz 1995ms (cache miss)
2070 http fetch GET 200 https://cdn.npmmirror.com/packages/get-proto/1.0.1/get-proto-1.0.1.tgz 2029ms (cache miss)
2071 http fetch GET 200 https://cdn.npmmirror.com/packages/cli-spinners/3.4.0/cli-spinners-3.4.0.tgz 2017ms (cache miss)
2072 http fetch GET 200 https://cdn.npmmirror.com/packages/es-define-property/1.0.1/es-define-property-1.0.1.tgz 2028ms (cache miss)
2073 http fetch GET 200 https://cdn.npmmirror.com/packages/express/5.2.1/express-5.2.1.tgz 2036ms (cache miss)
2074 http fetch GET 200 https://cdn.npmmirror.com/packages/bail/2.0.2/bail-2.0.2.tgz 2019ms (cache miss)
2075 http fetch GET 200 https://cdn.npmmirror.com/packages/has-symbols/1.1.0/has-symbols-1.1.0.tgz 2052ms (cache miss)
2076 http fetch GET 200 https://cdn.npmmirror.com/packages/define-data-property/1.1.4/define-data-property-1.1.4.tgz 2036ms (cache miss)
2077 http fetch GET 200 https://cdn.npmmirror.com/packages/get-stream/9.0.1/get-stream-9.0.1.tgz 2054ms (cache miss)
2078 http fetch GET 200 https://cdn.npmmirror.com/packages/express-rate-limit/8.7.0/express-rate-limit-8.7.0.tgz 2049ms (cache miss)
2079 http fetch GET 200 https://cdn.npmmirror.com/packages/mdast-util-from-markdown/2.0.3/mdast-util-from-markdown-2.0.3.tgz 2086ms (cache miss)
2080 http fetch GET 200 https://cdn.npmmirror.com/packages/%40sqlite.org/sqlite-wasm/3.49.1-build4/sqlite-wasm-3.49.1-build4.tgz 2173ms (cache miss)
2081 http fetch GET 200 https://cdn.npmmirror.com/packages/cross-spawn/7.0.6/cross-spawn-7.0.6.tgz 2077ms (cache miss)
2082 http fetch GET 200 https://cdn.npmmirror.com/packages/globalthis/1.0.4/globalthis-1.0.4.tgz 2103ms (cache miss)
2083 http fetch GET 200 https://cdn.npmmirror.com/packages/es-object-atoms/1.1.2/es-object-atoms-1.1.2.tgz 2099ms (cache miss)
2084 http fetch GET 200 https://cdn.npmmirror.com/packages/eventsource/3.0.7/eventsource-3.0.7.tgz 2119ms (cache miss)
2085 http fetch GET 200 https://cdn.npmmirror.com/packages/body-parser/2.3.0/body-parser-2.3.0.tgz 2124ms (cache miss)
2086 http fetch GET 200 https://cdn.npmmirror.com/packages/signal-exit/4.1.0/signal-exit-4.1.0.tgz 2210ms (cache miss)
2087 http fetch GET 200 https://cdn.npmmirror.com/packages/object-inspect/1.13.4/object-inspect-1.13.4.tgz 2194ms (cache miss)
2088 http fetch GET 200 https://cdn.npmmirror.com/packages/json5/2.2.3/json5-2.2.3.tgz 2175ms (cache miss)
2089 http fetch GET 200 https://cdn.npmmirror.com/packages/agent-base/6.0.2/agent-base-6.0.2.tgz 2135ms (cache miss)
2090 http fetch GET 200 https://cdn.npmmirror.com/packages/commander/13.1.0/commander-13.1.0.tgz 2156ms (cache miss)
2091 http fetch GET 200 https://cdn.npmmirror.com/packages/call-bind-apply-helpers/1.0.2/call-bind-apply-helpers-1.0.2.tgz 2170ms (cache miss)
2092 http fetch GET 200 https://cdn.npmmirror.com/packages/ajv-formats/3.0.1/ajv-formats-3.0.1.tgz 2169ms (cache miss)
2093 http fetch GET 200 https://cdn.npmmirror.com/packages/regedit/5.1.4/regedit-5.1.4.tgz 2258ms (cache miss)
2094 http fetch GET 200 https://cdn.npmmirror.com/packages/eventsource-parser/3.1.1/eventsource-parser-3.1.1.tgz 2211ms (cache miss)
2095 http fetch GET 200 https://cdn.npmmirror.com/packages/math-intrinsics/1.1.0/math-intrinsics-1.1.0.tgz 2238ms (cache miss)
2096 http fetch GET 200 https://cdn.npmmirror.com/packages/asynckit/0.4.0/asynckit-0.4.0.tgz 2197ms (cache miss)
2097 http fetch GET 200 https://cdn.npmmirror.com/packages/micromark-extension-gfm-table/2.1.2/micromark-extension-gfm-table-2.1.2.tgz 2269ms (cache miss)
2098 http fetch GET 200 https://cdn.npmmirror.com/packages/adm-zip/0.6.0/adm-zip-0.6.0.tgz 2219ms (cache miss)
2099 http fetch GET 200 https://cdn.npmmirror.com/packages/iconv-lite/0.7.3/iconv-lite-0.7.3.tgz 2281ms (cache miss)
2100 http fetch GET 200 https://cdn.npmmirror.com/packages/semver/7.8.5/semver-7.8.5.tgz 2345ms (cache miss)
2101 http fetch GET 200 https://cdn.npmmirror.com/packages/ip-address/10.7.2/ip-address-10.7.2.tgz 2312ms (cache miss)
2102 http fetch GET 200 https://cdn.npmmirror.com/packages/fs-extra/11.4.0/fs-extra-11.4.0.tgz 2327ms (cache miss)
2103 http fetch GET 200 https://cdn.npmmirror.com/packages/engine.io-parser/5.2.3/engine.io-parser-5.2.3.tgz 2358ms (cache miss)
2104 http fetch GET 200 https://cdn.npmmirror.com/packages/fast-uri/3.1.8/fast-uri-3.1.8.tgz 2375ms (cache miss)
2105 http fetch GET 200 https://cdn.npmmirror.com/packages/global-agent/4.1.3/global-agent-4.1.3.tgz 2427ms (cache miss)
2106 http fetch GET 200 https://cdn.npmmirror.com/packages/socket.io-client/4.8.3/socket.io-client-4.8.3.tgz 2532ms (cache miss)
2107 http fetch GET 200 https://cdn.npmmirror.com/packages/node-forge/1.4.0/node-forge-1.4.0.tgz 2525ms (cache miss)
2108 http fetch GET 200 https://cdn.npmmirror.com/packages/micromark/4.0.2/micromark-4.0.2.tgz 2589ms (cache miss)
2109 http fetch GET 200 https://cdn.npmmirror.com/packages/jose/6.2.12/jose-6.2.12.tgz 2839ms (cache miss)
2110 http fetch GET 200 https://cdn.npmmirror.com/packages/axios/1.19.0/axios-1.19.0.tgz 2851ms (cache miss)
2111 http fetch GET 200 https://cdn.npmmirror.com/packages/zod-to-json-schema/3.25.2/zod-to-json-schema-3.25.2.tgz 3012ms (cache miss)
2112 http fetch GET 200 https://cdn.npmmirror.com/packages/micromark-core-commonmark/2.0.3/micromark-core-commonmark-2.0.3.tgz 2975ms (cache miss)
2113 http fetch GET 200 https://cdn.npmmirror.com/packages/mdast-util-to-markdown/2.1.2/mdast-util-to-markdown-2.1.2.tgz 3091ms (cache miss)
2114 http fetch GET 200 https://cdn.npmmirror.com/packages/execa/9.6.1/execa-9.6.1.tgz 3062ms (cache miss)
2115 http fetch GET 200 https://cdn.npmmirror.com/packages/engine.io-client/6.6.6/engine.io-client-6.6.6.tgz 3063ms (cache miss)
2116 http fetch GET 200 https://cdn.npmmirror.com/packages/jieba-wasm/2.4.0/jieba-wasm-2.4.0.tgz 3100ms (cache miss)
2117 http fetch GET 200 https://cdn.npmmirror.com/packages/ajv/8.20.0/ajv-8.20.0.tgz 4735ms (cache miss)
2118 http fetch GET 200 https://cdn.npmmirror.com/packages/hono/4.13.8/hono-4.13.8.tgz 5832ms (cache miss)
2119 http fetch GET 200 https://cdn.npmmirror.com/packages/%40deveco/deveco-cli/1.3.2/deveco-cli-1.3.2.tgz 6347ms (cache miss)
2120 http fetch GET 200 https://cdn.npmmirror.com/packages/%40modelcontextprotocol/sdk/1.30.0/sdk-1.30.0.tgz 6934ms (cache miss)
2121 http fetch GET 200 https://cdn.npmmirror.com/packages/zod/4.6.5/zod-4.6.5.tgz 7028ms (cache miss)
2122 http fetch GET 200 https://cdn.npmmirror.com/packages/%40deveco/deveco-code-windows-x64/0.1.12/deveco-code-windows-x64-0.1.12.tgz 7415ms (cache miss)
2123 http fetch GET 200 https://cdn.npmmirror.com/packages/%40deveco/deveco-code-windows-x64-baseline/0.1.12/deveco-code-windows-x64-baseline-0.1.12.tgz 7666ms (cache miss)
2124 info run @deveco/deveco-code@0.1.12 postinstall node_modules/@deveco/deveco-code bun ./postinstall.mjs || node ./postinstall.mjs
2125 info run @deveco/deveco-cli@1.3.2 postinstall node_modules/@deveco/deveco-code/node_modules/@deveco/deveco-cli node scripts/postinstall.mjs
2126 info run @deveco/deveco-cli@1.3.2 postinstall { code: 0, signal: null }
2127 info run @deveco/deveco-code@0.1.12 postinstall { code: 0, signal: null }
2128 warn cleanup Failed to remove some directories [
2128 warn cleanup   [
2128 warn cleanup     'D:\\nodejs\\node_global\\node_modules\\@deveco\\.deveco-code-IqgBE6t1',
2128 warn cleanup     [Error: EPERM: operation not permitted, unlink 'D:\nodejs\node_global\node_modules\@deveco\.deveco-code-IqgBE6t1\node_modules\@deveco\deveco-code-windows-x64\bin\deveco.exe'] {
2128 warn cleanup       errno: -4048,
2128 warn cleanup       code: 'EPERM',
2128 warn cleanup       syscall: 'unlink',
2128 warn cleanup       path: 'D:\\nodejs\\node_global\\node_modules\\@deveco\\.deveco-code-IqgBE6t1\\node_modules\\@deveco\\deveco-code-windows-x64\\bin\\deveco.exe'
2128 warn cleanup     }
2128 warn cleanup   ]
2128 warn cleanup ]
2129 silly CHANGE node_modules/@deveco/deveco-code
2130 silly CHANGE node_modules/@deveco/deveco-code/node_modules/@types/unist
2131 silly CHANGE node_modules/@deveco/deveco-code/node_modules/@types/debug
2132 silly CHANGE node_modules/@deveco/deveco-code/node_modules/@types/mdast
2133 silly CHANGE node_modules/@deveco/deveco-code/node_modules/@types/ms
2134 silly CHANGE node_modules/@deveco/deveco-code/node_modules/@socket.io/component-emitter
2135 silly CHANGE node_modules/@deveco/deveco-code/node_modules/@sindresorhus/merge-streams
2136 silly CHANGE node_modules/@deveco/deveco-code/node_modules/@sqlite.org/sqlite-wasm
2137 silly CHANGE node_modules/@deveco/deveco-code/node_modules/@hono/node-server
2138 silly CHANGE node_modules/@deveco/deveco-code/node_modules/@sec-ant/readable-stream
2139 silly CHANGE node_modules/@deveco/deveco-code/node_modules/@modelcontextprotocol/sdk
2140 silly CHANGE node_modules/@deveco/deveco-code/node_modules/@deveco/deveco-code-windows-x64
2141 silly CHANGE node_modules/@deveco/deveco-code/node_modules/@deveco/deveco-code-windows-x64-baseline
2142 silly CHANGE node_modules/@deveco/deveco-code/node_modules/@deveco/deveco-cli
2143 silly CHANGE node_modules/@deveco/deveco-code/node_modules/yoctocolors
2144 silly CHANGE node_modules/@deveco/deveco-code/node_modules/zod
2145 silly CHANGE node_modules/@deveco/deveco-code/node_modules/zwitch
2146 silly CHANGE node_modules/@deveco/deveco-code/node_modules/yocto-queue
2147 silly CHANGE node_modules/@deveco/deveco-code/node_modules/zod-to-json-schema
2148 silly CHANGE node_modules/@deveco/deveco-code/node_modules/yauzl
2149 silly CHANGE node_modules/@deveco/deveco-code/node_modules/xtend
2150 silly CHANGE node_modules/@deveco/deveco-code/node_modules/which
2151 silly CHANGE node_modules/@deveco/deveco-code/node_modules/xmlhttprequest-ssl
2152 silly CHANGE node_modules/@deveco/deveco-code/node_modules/ws
2153 silly CHANGE node_modules/@deveco/deveco-code/node_modules/wrappy
2154 silly CHANGE node_modules/@deveco/deveco-code/node_modules/vfile
2155 silly CHANGE node_modules/@deveco/deveco-code/node_modules/vfile-message
2156 silly CHANGE node_modules/@deveco/deveco-code/node_modules/unist-util-visit-parents
2157 silly CHANGE node_modules/@deveco/deveco-code/node_modules/vary
2158 silly CHANGE node_modules/@deveco/deveco-code/node_modules/unpipe
2159 silly CHANGE node_modules/@deveco/deveco-code/node_modules/universalify
2160 silly CHANGE node_modules/@deveco/deveco-code/node_modules/unist-util-visit
2161 silly CHANGE node_modules/@deveco/deveco-code/node_modules/unist-util-stringify-position
2162 silly CHANGE node_modules/@deveco/deveco-code/node_modules/unified
2163 silly CHANGE node_modules/@deveco/deveco-code/node_modules/type-fest
2164 silly CHANGE node_modules/@deveco/deveco-code/node_modules/type-is
2165 silly CHANGE node_modules/@deveco/deveco-code/node_modules/type-is/node_modules/content-type
2166 silly CHANGE node_modules/@deveco/deveco-code/node_modules/unist-util-is
2167 silly CHANGE node_modules/@deveco/deveco-code/node_modules/unicorn-magic
2168 silly CHANGE node_modules/@deveco/deveco-code/node_modules/through2
2169 silly CHANGE node_modules/@deveco/deveco-code/node_modules/toidentifier
2170 silly CHANGE node_modules/@deveco/deveco-code/node_modules/trough
2171 silly CHANGE node_modules/@deveco/deveco-code/node_modules/socket.io-parser
2172 silly CHANGE node_modules/@deveco/deveco-code/node_modules/strip-ansi
2173 silly CHANGE node_modules/@deveco/deveco-code/node_modules/strip-final-newline
2174 silly CHANGE node_modules/@deveco/deveco-code/node_modules/string-width
2175 silly CHANGE node_modules/@deveco/deveco-code/node_modules/string_decoder
2176 silly CHANGE node_modules/@deveco/deveco-code/node_modules/stream-slicer
2177 silly CHANGE node_modules/@deveco/deveco-code/node_modules/stdin-discarder
2178 silly CHANGE node_modules/@deveco/deveco-code/node_modules/socket.io-client
2179 silly CHANGE node_modules/@deveco/deveco-code/node_modules/statuses
2180 silly CHANGE node_modules/@deveco/deveco-code/node_modules/signal-exit
2181 silly CHANGE node_modules/@deveco/deveco-code/node_modules/smol-toml
2182 silly CHANGE node_modules/@deveco/deveco-code/node_modules/side-channel-weakmap
2183 silly CHANGE node_modules/@deveco/deveco-code/node_modules/side-channel-map
2184 silly CHANGE node_modules/@deveco/deveco-code/node_modules/side-channel-list
2185 silly CHANGE node_modules/@deveco/deveco-code/node_modules/side-channel
2186 silly CHANGE node_modules/@deveco/deveco-code/node_modules/setprototypeof
2187 silly CHANGE node_modules/@deveco/deveco-code/node_modules/shebang-regex
2188 silly CHANGE node_modules/@deveco/deveco-code/node_modules/shebang-command
2189 silly CHANGE node_modules/@deveco/deveco-code/node_modules/serve-static
2190 silly CHANGE node_modules/@deveco/deveco-code/node_modules/serialize-error
2191 silly CHANGE node_modules/@deveco/deveco-code/node_modules/semver
2192 silly CHANGE node_modules/@deveco/deveco-code/node_modules/send
2193 silly CHANGE node_modules/@deveco/deveco-code/node_modules/safer-buffer
2194 silly CHANGE node_modules/@deveco/deveco-code/node_modules/retry
2195 silly CHANGE node_modules/@deveco/deveco-code/node_modules/require-from-string
2196 silly CHANGE node_modules/@deveco/deveco-code/node_modules/router
2197 silly CHANGE node_modules/@deveco/deveco-code/node_modules/remark-stringify
2198 silly CHANGE node_modules/@deveco/deveco-code/node_modules/restore-cursor
2199 silly CHANGE node_modules/@deveco/deveco-code/node_modules/remark-gfm
2200 silly CHANGE node_modules/@deveco/deveco-code/node_modules/remark-parse
2201 silly CHANGE node_modules/@deveco/deveco-code/node_modules/regedit
2202 silly CHANGE node_modules/@deveco/deveco-code/node_modules/range-parser
2203 silly CHANGE node_modules/@deveco/deveco-code/node_modules/readable-stream
2204 silly CHANGE node_modules/@deveco/deveco-code/node_modules/raw-body
2205 silly CHANGE node_modules/@deveco/deveco-code/node_modules/qs
2206 silly CHANGE node_modules/@deveco/deveco-code/node_modules/proper-lockfile
2207 silly CHANGE node_modules/@deveco/deveco-code/node_modules/proper-lockfile/node_modules/signal-exit
2208 silly CHANGE node_modules/@deveco/deveco-code/node_modules/proxy-from-env
2209 silly CHANGE node_modules/@deveco/deveco-code/node_modules/proxy-addr
2210 silly CHANGE node_modules/@deveco/deveco-code/node_modules/pend
2211 silly CHANGE node_modules/@deveco/deveco-code/node_modules/pkce-challenge
2212 silly CHANGE node_modules/@deveco/deveco-code/node_modules/pretty-ms
2213 silly CHANGE node_modules/@deveco/deveco-code/node_modules/path-key
2214 silly CHANGE node_modules/@deveco/deveco-code/node_modules/path-to-regexp
2215 silly CHANGE node_modules/@deveco/deveco-code/node_modules/ora
2216 silly CHANGE node_modules/@deveco/deveco-code/node_modules/parse-ms
2217 silly CHANGE node_modules/@deveco/deveco-code/node_modules/parseurl
2218 silly CHANGE node_modules/@deveco/deveco-code/node_modules/onetime
2219 silly CHANGE node_modules/@deveco/deveco-code/node_modules/p-limit
2220 silly CHANGE node_modules/@deveco/deveco-code/node_modules/on-finished
2221 silly CHANGE node_modules/@deveco/deveco-code/node_modules/once
2222 silly CHANGE node_modules/@deveco/deveco-code/node_modules/mime-types
2223 silly CHANGE node_modules/@deveco/deveco-code/node_modules/object-inspect
2224 silly CHANGE node_modules/@deveco/deveco-code/node_modules/object-assign
2225 silly CHANGE node_modules/@deveco/deveco-code/node_modules/npm-run-path
2226 silly CHANGE node_modules/@deveco/deveco-code/node_modules/npm-run-path/node_modules/path-key
2227 silly CHANGE node_modules/@deveco/deveco-code/node_modules/object-keys
2228 silly CHANGE node_modules/@deveco/deveco-code/node_modules/node-forge
2229 silly CHANGE node_modules/@deveco/deveco-code/node_modules/ms
2230 silly CHANGE node_modules/@deveco/deveco-code/node_modules/negotiator
2231 silly CHANGE node_modules/@deveco/deveco-code/node_modules/negotiator/node_modules/content-type
2232 silly CHANGE node_modules/@deveco/deveco-code/node_modules/micromark-util-normalize-identifier
2233 silly CHANGE node_modules/@deveco/deveco-code/node_modules/mimic-function
2234 silly CHANGE node_modules/@deveco/deveco-code/node_modules/micromark-util-types
2235 silly CHANGE node_modules/@deveco/deveco-code/node_modules/micromark-util-subtokenize
2236 silly CHANGE node_modules/@deveco/deveco-code/node_modules/micromark-util-symbol
2237 silly CHANGE node_modules/@deveco/deveco-code/node_modules/mime-db
2238 silly CHANGE node_modules/@deveco/deveco-code/node_modules/micromark-util-sanitize-uri
2239 silly CHANGE node_modules/@deveco/deveco-code/node_modules/micromark-util-decode-string
2240 silly CHANGE node_modules/@deveco/deveco-code/node_modules/micromark-util-resolve-all
2241 silly CHANGE node_modules/@deveco/deveco-code/node_modules/micromark-util-combine-extensions
2242 silly CHANGE node_modules/@deveco/deveco-code/node_modules/micromark-util-html-tag-name
2243 silly CHANGE node_modules/@deveco/deveco-code/node_modules/micromark-util-encode
2244 silly CHANGE node_modules/@deveco/deveco-code/node_modules/micromark-util-decode-numeric-character-reference
2245 silly CHANGE node_modules/@deveco/deveco-code/node_modules/micromark-util-character
2246 silly CHANGE node_modules/@deveco/deveco-code/node_modules/micromark-util-classify-character
2247 silly CHANGE node_modules/@deveco/deveco-code/node_modules/micromark-factory-title
2248 silly CHANGE node_modules/@deveco/deveco-code/node_modules/micromark-util-chunked
2249 silly CHANGE node_modules/@deveco/deveco-code/node_modules/micromark-factory-whitespace
2250 silly CHANGE node_modules/@deveco/deveco-code/node_modules/micromark-factory-space
2251 silly CHANGE node_modules/@deveco/deveco-code/node_modules/micromark-factory-destination
2252 silly CHANGE node_modules/@deveco/deveco-code/node_modules/micromark-factory-label
2253 silly CHANGE node_modules/@deveco/deveco-code/node_modules/micromark-extension-gfm-tagfilter
2254 silly CHANGE node_modules/@deveco/deveco-code/node_modules/micromark-extension-gfm-task-list-item
2255 silly CHANGE node_modules/@deveco/deveco-code/node_modules/micromark-extension-gfm-footnote
2256 silly CHANGE node_modules/@deveco/deveco-code/node_modules/micromark-extension-gfm-strikethrough
2257 silly CHANGE node_modules/@deveco/deveco-code/node_modules/micromark-extension-gfm-autolink-literal
2258 silly CHANGE node_modules/@deveco/deveco-code/node_modules/micromark-extension-gfm-table
2259 silly CHANGE node_modules/@deveco/deveco-code/node_modules/micromark-extension-gfm
2260 silly CHANGE node_modules/@deveco/deveco-code/node_modules/micromark
2261 silly CHANGE node_modules/@deveco/deveco-code/node_modules/micromark-core-commonmark
2262 silly CHANGE node_modules/@deveco/deveco-code/node_modules/merge-descriptors
2263 silly CHANGE node_modules/@deveco/deveco-code/node_modules/media-typer
2264 silly CHANGE node_modules/@deveco/deveco-code/node_modules/mdast-util-to-string
2265 silly CHANGE node_modules/@deveco/deveco-code/node_modules/mdast-util-to-markdown
2266 silly CHANGE node_modules/@deveco/deveco-code/node_modules/mdast-util-phrasing
2267 silly CHANGE node_modules/@deveco/deveco-code/node_modules/mdast-util-gfm-task-list-item
2268 silly CHANGE node_modules/@deveco/deveco-code/node_modules/mdast-util-gfm-table
2269 silly CHANGE node_modules/@deveco/deveco-code/node_modules/mdast-util-gfm-strikethrough
2270 silly CHANGE node_modules/@deveco/deveco-code/node_modules/mdast-util-gfm-footnote
2271 silly CHANGE node_modules/@deveco/deveco-code/node_modules/mdast-util-gfm-autolink-literal
2272 silly CHANGE node_modules/@deveco/deveco-code/node_modules/mdast-util-gfm
2273 silly CHANGE node_modules/@deveco/deveco-code/node_modules/mdast-util-from-markdown
2274 silly CHANGE node_modules/@deveco/deveco-code/node_modules/math-intrinsics
2275 silly CHANGE node_modules/@deveco/deveco-code/node_modules/mdast-util-find-and-replace
2276 silly CHANGE node_modules/@deveco/deveco-code/node_modules/mdast-util-find-and-replace/node_modules/escape-string-regexp
2277 silly CHANGE node_modules/@deveco/deveco-code/node_modules/longest-streak
2278 silly CHANGE node_modules/@deveco/deveco-code/node_modules/matcher
2279 silly CHANGE node_modules/@deveco/deveco-code/node_modules/markdown-table
2280 silly CHANGE node_modules/@deveco/deveco-code/node_modules/jsonfile
2281 silly CHANGE node_modules/@deveco/deveco-code/node_modules/log-symbols
2282 silly CHANGE node_modules/@deveco/deveco-code/node_modules/json5
2283 silly CHANGE node_modules/@deveco/deveco-code/node_modules/json-schema-traverse
2284 silly CHANGE node_modules/@deveco/deveco-code/node_modules/jose
2285 silly CHANGE node_modules/@deveco/deveco-code/node_modules/jieba-wasm
2286 silly CHANGE node_modules/@deveco/deveco-code/node_modules/json-schema-typed
2287 silly CHANGE node_modules/@deveco/deveco-code/node_modules/isexe
2288 silly CHANGE node_modules/@deveco/deveco-code/node_modules/isarray
2289 silly CHANGE node_modules/@deveco/deveco-code/node_modules/is-unicode-supported
2290 silly CHANGE node_modules/@deveco/deveco-code/node_modules/is-stream
2291 silly CHANGE node_modules/@deveco/deveco-code/node_modules/is-promise
2292 silly CHANGE node_modules/@deveco/deveco-code/node_modules/is-plain-obj
2293 silly CHANGE node_modules/@deveco/deveco-code/node_modules/ipaddr.js
2294 silly CHANGE node_modules/@deveco/deveco-code/node_modules/is-interactive
2295 silly CHANGE node_modules/@deveco/deveco-code/node_modules/ip-address
2296 silly CHANGE node_modules/@deveco/deveco-code/node_modules/if-async
2297 silly CHANGE node_modules/@deveco/deveco-code/node_modules/human-signals
2298 silly CHANGE node_modules/@deveco/deveco-code/node_modules/inherits
2299 silly CHANGE node_modules/@deveco/deveco-code/node_modules/https-proxy-agent
2300 silly CHANGE node_modules/@deveco/deveco-code/node_modules/hono
2301 silly CHANGE node_modules/@deveco/deveco-code/node_modules/iconv-lite
2302 silly CHANGE node_modules/@deveco/deveco-code/node_modules/http-errors
2303 silly CHANGE node_modules/@deveco/deveco-code/node_modules/hasown
2304 silly CHANGE node_modules/@deveco/deveco-code/node_modules/has-tostringtag
2305 silly CHANGE node_modules/@deveco/deveco-code/node_modules/has-symbols
2306 silly CHANGE node_modules/@deveco/deveco-code/node_modules/graceful-fs
2307 silly CHANGE node_modules/@deveco/deveco-code/node_modules/has-property-descriptors
2308 silly CHANGE node_modules/@deveco/deveco-code/node_modules/gopd
2309 silly CHANGE node_modules/@deveco/deveco-code/node_modules/global-agent
2310 silly CHANGE node_modules/@deveco/deveco-code/node_modules/get-stream
2311 silly CHANGE node_modules/@deveco/deveco-code/node_modules/globalthis
2312 silly CHANGE node_modules/@deveco/deveco-code/node_modules/get-east-asian-width
2313 silly CHANGE node_modules/@deveco/deveco-code/node_modules/get-proto
2314 silly CHANGE node_modules/@deveco/deveco-code/node_modules/get-intrinsic
2315 silly CHANGE node_modules/@deveco/deveco-code/node_modules/function-bind
2316 silly CHANGE node_modules/@deveco/deveco-code/node_modules/fs-extra
2317 silly CHANGE node_modules/@deveco/deveco-code/node_modules/fresh
2318 silly CHANGE node_modules/@deveco/deveco-code/node_modules/finalhandler
2319 silly CHANGE node_modules/@deveco/deveco-code/node_modules/form-data
2320 silly CHANGE node_modules/@deveco/deveco-code/node_modules/form-data/node_modules/mime-types
2321 silly CHANGE node_modules/@deveco/deveco-code/node_modules/form-data/node_modules/mime-db
2322 silly CHANGE node_modules/@deveco/deveco-code/node_modules/forwarded
2323 silly CHANGE node_modules/@deveco/deveco-code/node_modules/follow-redirects
2324 silly CHANGE node_modules/@deveco/deveco-code/node_modules/figures
2325 silly CHANGE node_modules/@deveco/deveco-code/node_modules/fast-uri
2326 silly CHANGE node_modules/@deveco/deveco-code/node_modules/fast-deep-equal
2327 silly CHANGE node_modules/@deveco/deveco-code/node_modules/extend
2328 silly CHANGE node_modules/@deveco/deveco-code/node_modules/express-rate-limit
2329 silly CHANGE node_modules/@deveco/deveco-code/node_modules/express
2330 silly CHANGE node_modules/@deveco/deveco-code/node_modules/execa
2331 silly CHANGE node_modules/@deveco/deveco-code/node_modules/eventsource
2332 silly CHANGE node_modules/@deveco/deveco-code/node_modules/etag
2333 silly CHANGE node_modules/@deveco/deveco-code/node_modules/eventsource-parser
2334 silly CHANGE node_modules/@deveco/deveco-code/node_modules/es-object-atoms
2335 silly CHANGE node_modules/@deveco/deveco-code/node_modules/escape-string-regexp
2336 silly CHANGE node_modules/@deveco/deveco-code/node_modules/escape-html
2337 silly CHANGE node_modules/@deveco/deveco-code/node_modules/es-set-tostringtag
2338 silly CHANGE node_modules/@deveco/deveco-code/node_modules/es-errors
2339 silly CHANGE node_modules/@deveco/deveco-code/node_modules/engine.io-parser
2340 silly CHANGE node_modules/@deveco/deveco-code/node_modules/es-define-property
2341 silly CHANGE node_modules/@deveco/deveco-code/node_modules/engine.io-client
2342 silly CHANGE node_modules/@deveco/deveco-code/node_modules/ee-first
2343 silly CHANGE node_modules/@deveco/deveco-code/node_modules/dunder-proto
2344 silly CHANGE node_modules/@deveco/deveco-code/node_modules/devlop
2345 silly CHANGE node_modules/@deveco/deveco-code/node_modules/delayed-stream
2346 silly CHANGE node_modules/@deveco/deveco-code/node_modules/encodeurl
2347 silly CHANGE node_modules/@deveco/deveco-code/node_modules/define-properties
2348 silly CHANGE node_modules/@deveco/deveco-code/node_modules/dequal
2349 silly CHANGE node_modules/@deveco/deveco-code/node_modules/depd
2350 silly CHANGE node_modules/@deveco/deveco-code/node_modules/cross-spawn
2351 silly CHANGE node_modules/@deveco/deveco-code/node_modules/define-data-property
2352 silly CHANGE node_modules/@deveco/deveco-code/node_modules/decode-named-character-reference
2353 silly CHANGE node_modules/@deveco/deveco-code/node_modules/core-util-is
2354 silly CHANGE node_modules/@deveco/deveco-code/node_modules/debug
2355 silly CHANGE node_modules/@deveco/deveco-code/node_modules/cors
2356 silly CHANGE node_modules/@deveco/deveco-code/node_modules/cookie-signature
2357 silly CHANGE node_modules/@deveco/deveco-code/node_modules/cookie
2358 silly CHANGE node_modules/@deveco/deveco-code/node_modules/bytes
2359 silly CHANGE node_modules/@deveco/deveco-code/node_modules/content-type
2360 silly CHANGE node_modules/@deveco/deveco-code/node_modules/content-disposition
2361 silly CHANGE node_modules/@deveco/deveco-code/node_modules/commander
2362 silly CHANGE node_modules/@deveco/deveco-code/node_modules/combined-stream
2363 silly CHANGE node_modules/@deveco/deveco-code/node_modules/cli-spinners
2364 silly CHANGE node_modules/@deveco/deveco-code/node_modules/colorette
2365 silly CHANGE node_modules/@deveco/deveco-code/node_modules/chalk
2366 silly CHANGE node_modules/@deveco/deveco-code/node_modules/cli-cursor
2367 silly CHANGE node_modules/@deveco/deveco-code/node_modules/character-entities
2368 silly CHANGE node_modules/@deveco/deveco-code/node_modules/ccount
2369 silly CHANGE node_modules/@deveco/deveco-code/node_modules/call-bound
2370 silly CHANGE node_modules/@deveco/deveco-code/node_modules/call-bind-apply-helpers
2371 silly CHANGE node_modules/@deveco/deveco-code/node_modules/bail
2372 silly CHANGE node_modules/@deveco/deveco-code/node_modules/body-parser
2373 silly CHANGE node_modules/@deveco/deveco-code/node_modules/body-parser/node_modules/content-type
2374 silly CHANGE node_modules/@deveco/deveco-code/node_modules/axios
2375 silly CHANGE node_modules/@deveco/deveco-code/node_modules/asynckit
2376 silly CHANGE node_modules/@deveco/deveco-code/node_modules/ajv-formats
2377 silly CHANGE node_modules/@deveco/deveco-code/node_modules/agent-base
2378 silly CHANGE node_modules/@deveco/deveco-code/node_modules/accepts
2379 silly CHANGE node_modules/@deveco/deveco-code/node_modules/ansi-regex
2380 silly CHANGE node_modules/@deveco/deveco-code/node_modules/adm-zip
2381 silly CHANGE node_modules/@deveco/deveco-code/node_modules/ajv
2382 verbose cwd D:\opencode_W\远程连接
2383 verbose os Windows_NT 10.0.26100
2384 verbose node v24.13.0
2385 verbose npm  v11.6.2
2386 verbose exit 0
2387 info ok
